"","school","opponent","cbsRankDiff","cbsConfRankDiff","rushTdsAvgLagDiff","rushingYardsAvgLagDiff","totalYardsAvgLagDiff","yardsPerPassAvgLagDiff","penaltyYardsAvgLagDiff","turnoversAvgLagDiff","completionPercentAvgLagDiff","rushTdsLagDiff","rushingYardsLagDiff","totalYardsLagDiff","yardsPerPassLagDiff","penaltyYardsLagDiff","turnoversLagDiff","completionPercentLagDiff","spreadOpen","moneyline","overUnderOpen","week","pointsDiff"
"1","Navy","Notre Dame",97,-0.804681194511687,0,0,0,0,0,0,0,0,0,0,0,0,0,0,19.5,775,49,1,-39
"2","Notre Dame","Navy",-97,0.804681194511687,0,0,0,0,0,0,0,0,0,0,0,0,0,0,-19.5,-1500,49,1,39
"3","Utah","Florida",-14,2.9076923076923,0,0,0,0,0,0,0,0,0,0,0,0,0,0,-8.5,-230,51,1,13
"4","Florida","Utah",14,-2.9076923076923,0,0,0,0,0,0,0,0,0,0,0,0,0,0,8.5,190,51,1,-13
"5","North Carolina","South Carolina",-37,10.526521239954,0,0,0,0,0,0,0,0,0,0,0,0,0,0,3,105,62.5,1,14
"6","South Carolina","North Carolina",37,-10.526521239954,0,0,0,0,0,0,0,0,0,0,0,0,0,0,3,-125,62.5,1,-14
"7","Ball State","Kentucky",105,64.8475524475525,0,0,0,0,0,0,0,0,0,0,0,0,0,0,26,1200,49,1,-30
"8","Kentucky","Ball State",-105,-64.8475524475525,0,0,0,0,0,0,0,0,0,0,0,0,0,0,-26,-5000,49,1,30
"9","Hawai'i","Vanderbilt",29,41.6078492935635,0,0,0,0,0,0,0,0,0,0,0,0,0,0,18,625,56,1,-7
"10","Vanderbilt","Hawai'i",-29,-41.6078492935635,0,0,0,0,0,0,0,0,0,0,0,0,0,0,-18,-1000,56,1,7
"11","Western Carolina","Arkansas",-68,-36.8615384615385,0,0,0,0,0,0,0,0,0,0,0,0,0,0,35,1800,61.5,1,-43
"12","Arkansas","Western Carolina",68,36.8615384615385,0,0,0,0,0,0,0,0,0,0,0,0,0,0,-35,-20000,61.5,1,43
"13","Florida State","LSU",-19,10.526521239954,0,0,0,0,0,0,0,0,0,0,0,0,0,0,2,125,56.5,1,21
"14","LSU","Florida State",19,-10.526521239954,0,0,0,0,0,0,0,0,0,0,0,0,0,0,-2,-145,56.5,1,-21
"15","Miami","Miami (OH)",-35,-54.3210312075985,0,0,0,0,0,0,0,0,0,0,0,0,0,0,-17.5,-900,48.5,1,35
"16","Miami (OH)","Miami",35,54.3210312075985,0,0,0,0,0,0,0,0,0,0,0,0,0,0,17.5,575,48.5,1,-35
"17","San Diego State","Ohio",36,-23.239703153989,0,0,0,0,0,0,0,0,0,0,0,0,0,0,-3,-135,50,1,7
"18","Ohio","San Diego State",-36,23.239703153989,0,0,0,0,0,0,0,0,0,0,0,0,0,0,3,115,50,1,-7
"19","Temple","Akron",-4,-9.1328197226503,0,0,0,0,0,0,0,0,0,0,0,0,0,0,-9.5,-420,55,1,3
"20","Akron","Temple",4,9.1328197226503,0,0,0,0,0,0,0,0,0,0,0,0,0,0,9.5,315,55,1,-3
"21","Illinois","Toledo",27,-47.6796791443851,0,0,0,0,0,0,0,0,0,0,0,0,0,0,-9.5,-370,46,1,2
"22","Toledo","Illinois",-27,47.6796791443851,0,0,0,0,0,0,0,0,0,0,0,0,0,0,9.5,285,46,1,-2
"23","Michigan State","Central Michigan",-18,-47.6796791443851,0,0,0,0,0,0,0,0,0,0,0,0,0,0,-14,-675,52,1,24
"24","Central Michigan","Michigan State",18,47.6796791443851,0,0,0,0,0,0,0,0,0,0,0,0,0,0,14,460,52,1,-24
"25","Boston College","Northern Illinois",-28,-54.3210312075985,0,0,0,0,0,0,0,0,0,0,0,0,0,0,-9.5,-360,52,1,-3
"26","Northern Illinois","Boston College",28,54.3210312075985,0,0,0,0,0,0,0,0,0,0,0,0,0,0,9.5,280,52,1,3
"27","Wisconsin","Buffalo",-85,-47.6796791443851,0,0,0,0,0,0,0,0,0,0,0,0,0,0,-24.5,-7500,54.5,1,21
"28","Buffalo","Wisconsin",85,47.6796791443851,0,0,0,0,0,0,0,0,0,0,0,0,0,0,24.5,1400,54.5,1,-21
"29","Duke","Clemson",-17,0,0,0,0,0,0,0,0,0,0,0,0,0,0,0,13.5,400,55.5,1,21
"30","Clemson","Duke",17,0,0,0,0,0,0,0,0,0,0,0,0,0,0,0,-13.5,-575,55.5,1,-21
"31","Connecticut","NC State",76,45.9928926794599,0,0,0,0,0,0,0,0,0,0,0,0,0,0,16,500,50,1,-10
"32","NC State","Connecticut",-76,-45.9928926794599,0,0,0,0,0,0,0,0,0,0,0,0,0,0,-16,-750,50,1,10
"33","Elon","Wake Forest",-52,-47.3880597014925,0,0,0,0,0,0,0,0,0,0,0,0,0,0,28.5,1400,55.5,1,-20
"34","Wake Forest","Elon",52,47.3880597014925,0,0,0,0,0,0,0,0,0,0,0,0,0,0,-28.5,-8000,55.5,1,20
"35","Old Dominion","Virginia Tech",5,34.5796822339914,0,0,0,0,0,0,0,0,0,0,0,0,0,0,14,500,49.5,1,-19
"36","Virginia Tech","Old Dominion",-5,-34.5796822339914,0,0,0,0,0,0,0,0,0,0,0,0,0,0,-14,-750,49.5,1,19
"37","Louisville","Georgia Tech",-42,0,0,0,0,0,0,0,0,0,0,0,0,0,0,0,-8,-300,52,1,5
"38","Georgia Tech","Louisville",42,0,0,0,0,0,0,0,0,0,0,0,0,0,0,0,8,250,52,1,-5
"39","Louisiana Monroe","Army",29,-11.4132104454685,0,0,0,0,0,0,0,0,0,0,0,0,0,0,10,240,47.5,1,4
"40","Army","Louisiana Monroe",-29,11.4132104454685,0,0,0,0,0,0,0,0,0,0,0,0,0,0,-10,-290,47.5,1,-4
"41","Liberty","Bowling Green",-66,-3.9196172248805,0,0,0,0,0,0,0,0,0,0,0,0,0,0,-12.5,-500,50,1,10
"42","Bowling Green","Liberty",66,3.9196172248805,0,0,0,0,0,0,0,0,0,0,0,0,0,0,12.5,360,50,1,-10
"43","Central Arkansas","Oklahoma State",-56,-46.8805970149254,0,0,0,0,0,0,0,0,0,0,0,0,0,0,27,1300,60,1,-14
"44","Oklahoma State","Central Arkansas",56,46.8805970149254,0,0,0,0,0,0,0,0,0,0,0,0,0,0,-27,-6500,60,1,14
"45","Texas State","Baylor",-13,35.0871449205585,0,0,0,0,0,0,0,0,0,0,0,0,0,0,26.5,1300,58.5,1,11
"46","Baylor","Texas State",13,-35.0871449205585,0,0,0,0,0,0,0,0,0,0,0,0,0,0,-26.5,-5000,58.5,1,-11
"47","Arkansas State","Oklahoma",104,35.0871449205585,0,0,0,0,0,0,0,0,0,0,0,0,0,0,35.5,3000,61,1,-73
"48","Oklahoma","Arkansas State",-104,-35.0871449205585,0,0,0,0,0,0,0,0,0,0,0,0,0,0,-35.5,-20000,61,1,73
"49","Northern Iowa","Iowa State",-51,-46.8805970149254,0,0,0,0,0,0,0,0,0,0,0,0,0,0,8.5,285,42.5,1,-21
"50","Iowa State","Northern Iowa",51,46.8805970149254,0,0,0,0,0,0,0,0,0,0,0,0,0,0,-8.5,-370,42.5,1,21
"51","Wyoming","Texas Tech",-16,31.5887907401766,0,0,0,0,0,0,0,0,0,0,0,0,0,0,13.5,460,52.5,1,2
"52","Texas Tech","Wyoming",16,-31.5887907401766,0,0,0,0,0,0,0,0,0,0,0,0,0,0,-13.5,-675,52.5,1,-2
"53","Colorado","TCU",-6,-7.1113662456946,0,0,0,0,0,0,0,0,0,0,0,0,0,0,21,575,59,1,3
"54","TCU","Colorado",6,7.1113662456946,0,0,0,0,0,0,0,0,0,0,0,0,0,0,-21,-900,59,1,-3
"55","Penn State","West Virginia",-29,7.1488147497805,0,0,0,0,0,0,0,0,0,0,0,0,0,0,-20,-1400,53.5,1,23
"56","West Virginia","Penn State",29,-7.1488147497805,0,0,0,0,0,0,0,0,0,0,0,0,0,0,20,750,53.5,1,-23
"57","South Dakota","Missouri",-25,-36.8615384615385,0,0,0,0,0,0,0,0,0,0,0,0,0,0,29,1600,46.5,1,-25
"58","Missouri","South Dakota",25,36.8615384615385,0,0,0,0,0,0,0,0,0,0,0,0,0,0,-29,-10000,46.5,1,25
"59","Iowa","Utah State",-53,-24.4399759903961,0,0,0,0,0,0,0,0,0,0,0,0,0,0,-26,-2800,43.5,1,10
"60","Utah State","Iowa",53,24.4399759903961,0,0,0,0,0,0,0,0,0,0,0,0,0,0,26,1100,43.5,1,-10
"61","Washington","Boise State",-64,-38.7001569858712,0,0,0,0,0,0,0,0,0,0,0,0,0,0,-14.5,-675,58.5,1,37
"62","Boise State","Washington",64,38.7001569858712,0,0,0,0,0,0,0,0,0,0,0,0,0,0,14.5,460,58.5,1,-37
"63","Washington State","Colorado State",-83,-38.7001569858712,0,0,0,0,0,0,0,0,0,0,0,0,0,0,-14.5,-500,54.5,1,26
"64","Colorado State","Washington State",83,38.7001569858712,0,0,0,0,0,0,0,0,0,0,0,0,0,0,14.5,360,54.5,1,-26
"65","Purdue","Fresno State",36,-24.4399759903961,0,0,0,0,0,0,0,0,0,0,0,0,0,0,-5.5,-180,51.5,1,-4
"66","Fresno State","Purdue",-36,24.4399759903961,0,0,0,0,0,0,0,0,0,0,0,0,0,0,5.5,155,51.5,1,4
"67","Bryant","UNLV",-73,-78.469387755102,0,0,0,0,0,0,0,0,0,0,0,0,0,0,16.5,525,58,1,-30
"68","UNLV","Bryant",73,78.469387755102,0,0,0,0,0,0,0,0,0,0,0,0,0,0,-16.5,-800,58,1,30
"69","Oregon State","San José State",-88,-38.7001569858712,0,0,0,0,0,0,0,0,0,0,0,0,0,0,-16.5,-950,55,1,25
"70","San José State","Oregon State",88,38.7001569858712,0,0,0,0,0,0,0,0,0,0,0,0,0,0,16.5,600,55,1,-25
"71","USC","San José State",-94,-38.7001569858712,0,0,0,0,0,0,0,0,0,0,0,0,0,0,-31,-10000,63.5,1,28
"72","San José State","USC",94,38.7001569858712,0,0,0,0,0,0,0,0,0,0,0,0,0,0,31,1600,63.5,1,-28
"73","Stanford","Hawai'i",-9,-38.7001569858712,0,0,0,0,0,0,0,0,0,0,0,0,0,0,-8,-285,58.5,1,13
"74","Hawai'i","Stanford",9,38.7001569858712,0,0,0,0,0,0,0,0,0,0,0,0,0,0,8,235,58.5,1,-13
"75","Indiana","Ohio State",93,0,0,0,0,0,0,0,0,0,0,0,0,0,0,0,28,1600,59.5,1,-20
"76","Ohio State","Indiana",-93,0,0,0,0,0,0,0,0,0,0,0,0,0,0,0,-28,-10000,59.5,1,20
"77","Northwestern","Rutgers",40,0,0,0,0,0,0,0,0,0,0,0,0,0,0,0,6,220,40.5,1,-17
"78","Rutgers","Northwestern",-40,0,0,0,0,0,0,0,0,0,0,0,0,0,0,0,-6,-270,40.5,1,17
"79","Nebraska","Minnesota",-14,0,0,0,0,0,0,0,0,0,0,0,0,0,0,0,6.5,250,47,1,-3
"80","Minnesota","Nebraska",14,0,0,0,0,0,0,0,0,0,0,0,0,0,0,0,-6.5,-300,47,1,3
"81","New Mexico State","UMass",-29,4.40852130325811,0,0,0,0,0,0,0,0,0,0,0,0,0,0,-8.5,-310,44.5,1,-11
"82","UMass","New Mexico State",29,-4.40852130325811,0,0,0,0,0,0,0,0,0,0,0,0,0,0,8.5,255,44.5,1,11
"83","UAB","North Carolina A&T",106,92.5762711864407,0,0,0,0,0,0,0,0,0,0,0,0,0,0,-22.5,-2200,50.5,1,29
"84","North Carolina A&T","UAB",-106,-92.5762711864407,0,0,0,0,0,0,0,0,0,0,0,0,0,0,22.5,1000,50.5,1,-29
"85","Cincinnati","Eastern Kentucky",70,46.8805970149254,0,0,0,0,0,0,0,0,0,0,0,0,0,0,-23.5,-2500,55.5,1,53
"86","Eastern Kentucky","Cincinnati",-70,-46.8805970149254,0,0,0,0,0,0,0,0,0,0,0,0,0,0,23.5,1000,55.5,1,-53
"87","Western Kentucky","South Florida",-20,5.2132024977698,0,0,0,0,0,0,0,0,0,0,0,0,0,0,-11.5,-480,70,1,17
"88","South Florida","Western Kentucky",20,-5.2132024977698,0,0,0,0,0,0,0,0,0,0,0,0,0,0,11.5,350,70,1,-17
"89","Louisiana Tech","SMU",62,5.2132024977698,0,0,0,0,0,0,0,0,0,0,0,0,0,0,17,625,65.5,1,-24
"90","SMU","Louisiana Tech",-62,-5.2132024977698,0,0,0,0,0,0,0,0,0,0,0,0,0,0,-17,-1000,65.5,1,24
"91","South Alabama","Tulane",36,-10.6085292509568,0,0,0,0,0,0,0,0,0,0,0,0,0,0,7,210,55,1,-20
"92","Tulane","South Alabama",-36,10.6085292509568,0,0,0,0,0,0,0,0,0,0,0,0,0,0,-7,-250,55,1,20
"93","Maine","Florida International",-105,-97.7894736842105,0,0,0,0,0,0,0,0,0,0,0,0,0,0,10,310,49.5,1,-2
"94","Florida International","Maine",105,97.7894736842105,0,0,0,0,0,0,0,0,0,0,0,0,0,0,-10,-415,49.5,1,2
"95","Louisiana Tech","Florida International",2,0,1,15,-36,-2.4,-25,-2,0.136,1,15,-36,-2.4,-25,-2,0.136363636363636,-9.5,-450,59,1,5
"96","Florida International","Louisiana Tech",-2,0,-1,-15,36,2.4,25,2,-0.136,-1,-15,36,2.4,25,2,-0.136363636363636,9.5,335,59,1,-5
"97","Incarnate Word","UTEP",-127,-97.7894736842105,0,0,0,0,0,0,0,0,0,0,0,0,0,0,7,230,57.5,1,-14
"98","UTEP","Incarnate Word",127,97.7894736842105,0,0,0,0,0,0,0,0,0,0,0,0,0,0,-7,-280,57.5,1,14
"99","Jacksonville State","UTEP",-127,0,0,0,0,0,0,0,0,0,0,0,0,0,0,0,2.5,-105,52.5,1,3
"100","UTEP","Jacksonville State",127,0,0,0,0,0,0,0,0,0,0,0,0,0,0,0,-2.5,-115,52.5,1,-3
"101","North Texas","California",49,52.8070404172099,0,0,0,0,0,0,0,0,0,0,0,0,0,0,9,240,56,1,-37
"102","California","North Texas",-49,-52.8070404172099,0,0,0,0,0,0,0,0,0,0,0,0,0,0,-9,-290,56,1,37
"103","Coastal Carolina","UCLA",72,42.1985111662531,0,0,0,0,0,0,0,0,0,0,0,0,0,0,15.5,500,65,1,-14
"104","UCLA","Coastal Carolina",-72,-42.1985111662531,0,0,0,0,0,0,0,0,0,0,0,0,0,0,-15.5,-750,65,1,14
"105","Rhode Island","Georgia State",-67,-81.9677419354839,0,0,0,0,0,0,0,0,0,0,0,0,0,0,19,700,55.5,1,-7
"106","Georgia State","Rhode Island",67,81.9677419354839,0,0,0,0,0,0,0,0,0,0,0,0,0,0,-19,-1200,55.5,1,7
"107","Alcorn State","Southern Mississippi",-123,-81.9677419354839,0,0,0,0,0,0,0,0,0,0,0,0,0,0,24,1300,46.5,1,-26
"108","Southern Mississippi","Alcorn State",123,81.9677419354839,0,0,0,0,0,0,0,0,0,0,0,0,0,0,-24,-5000,46.5,1,26
"109","Sacred Heart","Lafayette",0,0,0,0,0,0,0,0,0,0,0,0,0,0,0,0,-6.5,-270,41.5,1,-5
"110","Lafayette","Sacred Heart",0,0,0,0,0,0,0,0,0,0,0,0,0,0,0,0,6.5,220,41.5,1,5
"111","Jackson State","Florida A&M",0,0,0,0,0,0,0,0,0,0,0,0,0,0,0,0,-4.5,-185,49,1,-18
"112","Florida A&M","Jackson State",0,0,0,0,0,0,0,0,0,0,0,0,0,0,0,0,4.5,160,49,1,18
"113","Southern","Alabama State",0,0,0,0,0,0,0,0,0,0,0,0,0,0,0,0,-6,-240,42.5,1,-4
"114","Alabama State","Southern",0,0,0,0,0,0,0,0,0,0,0,0,0,0,0,0,6,200,42.5,1,4
"115","Sam Houston State","BYU",-38,50.9088766692851,0,0,0,0,0,0,0,0,0,0,0,0,0,0,20,950,51,1,-14
"116","BYU","Sam Houston State",38,-50.9088766692851,0,0,0,0,0,0,0,0,0,0,0,0,0,0,-20,-2000,51,1,14
"117","UT San Antonio","Houston",-10,45.6956741715153,0,0,0,0,0,0,0,0,0,0,0,0,0,0,-1.5,-120,59.5,1,-3
"118","Houston","UT San Antonio",10,-45.6956741715153,0,0,0,0,0,0,0,0,0,0,0,0,0,0,1.5,100,59.5,1,3
"119","New Mexico State","Western Illinois",100,97.7894736842105,0,0,0,0,0,0,0,0,0,0,0,0,0,0,-17,-1200,53,1,37
"120","Western Illinois","New Mexico State",-100,-97.7894736842105,0,0,0,0,0,0,0,0,0,0,0,0,0,0,17,700,53,1,-37
"121","East Tennessee State","Jacksonville State",0,-97.7894736842105,0,0,0,0,0,0,0,0,0,0,0,0,0,0,13.5,460,54.5,1,-46
"122","Jacksonville State","East Tennessee State",0,97.7894736842105,0,0,0,0,0,0,0,0,0,0,0,0,0,0,-13.5,-675,54.5,1,46
"123","NC State","Notre Dame",27,-45.9928926794599,1,18,-80,-4.1,-5,0,-0.146,1,18,-80,-4.1,-5,0,-0.146153846153846,7.5,270,50.5,2,-21
"124","Notre Dame","NC State",-27,45.9928926794599,-1,-18,80,4.1,5,0,0.146,-1,-18,80,4.1,5,0,0.146153846153846,-7.5,-340,50.5,2,21
"125","Wake Forest","Vanderbilt",-39,10.526521239954,0,59,130,2.4,-22,1,0,0,59,130,2.4,-22,1,0,-10,-470,58.5,2,16
"126","Vanderbilt","Wake Forest",39,-10.526521239954,0,-59,-130,-2.4,22,-1,0,0,-59,-130,-2.4,22,-1,0,10,345,58.5,2,-16
"127","Texas","Alabama",-3,10.0190585533869,0,0,0,0,0,0,0,0,0,0,0,0,0,0,6.5,250,56,2,10
"128","Alabama","Texas",3,-10.0190585533869,0,0,0,0,0,0,0,0,0,0,0,0,0,0,-6.5,-300,56,2,-10
"129","Tulane","Ole Miss",21,55.7147327249022,0,0,0,0,0,0,0,0,0,0,0,0,0,0,3.5,310,62.5,2,-17
"130","Ole Miss","Tulane",-21,-55.7147327249022,0,0,0,0,0,0,0,0,0,0,0,0,0,0,-3.5,-415,62.5,2,17
"131","Arizona","Mississippi State",-5,2.9076923076923,0,0,0,0,0,0,0,0,0,0,0,0,0,0,13,315,58,2,-7
"132","Mississippi State","Arizona",5,-2.9076923076923,0,0,0,0,0,0,0,0,0,0,0,0,0,0,-13,-420,58,2,7
"133","California","Auburn",22,2.9076923076923,0,0,0,0,0,0,0,0,0,0,0,0,0,0,7,225,57,2,-4
"134","Auburn","California",-22,-2.9076923076923,0,0,0,0,0,0,0,0,0,0,0,0,0,0,-7,-275,57,2,4
"135","UMass","Miami (OH)",66,-8.32813852813861,4,146,174,4.5,20,0,0.0459999999999999,4,146,174,4.5,20,0,0.04656862745098,6.5,175,47,2,-13
"136","Miami (OH)","UMass",-66,8.32813852813861,-4,-146,-174,-4.5,-20,0,-0.0459999999999999,-4,-146,-174,-4.5,-20,0,-0.04656862745098,6.5,-210,47,2,13
"137","Florida Atlantic","Ohio",40,-9.1328197226503,0,0,0,0,0,0,0,0,0,0,0,0,0,0,-5,-200,59,2,-7
"138","Ohio","Florida Atlantic",-40,9.1328197226503,0,0,0,0,0,0,0,0,0,0,0,0,0,0,5,170,59,2,7
"139","Syracuse","Western Michigan",-82,-54.3210312075985,0,0,0,0,0,0,0,0,0,0,0,0,0,0,-21,-1600,52.5,2,41
"140","Western Michigan","Syracuse",82,54.3210312075985,0,0,0,0,0,0,0,0,0,0,0,0,0,0,21,800,52.5,2,-41
"141","Minnesota","Eastern Michigan",-34,-47.6796791443851,0,0,0,0,0,0,0,0,0,0,0,0,0,0,-19.5,-1300,47,2,19
"142","Eastern Michigan","Minnesota",34,47.6796791443851,0,0,0,0,0,0,0,0,0,0,0,0,0,0,19.5,725,47,2,-19
"143","Southern Mississippi","Florida State",120,34.5796822339914,-1,10,-53,-1.7,-29,0,0.024,-1,10,-53,-1.7,-29,0,0.024193548387097,28,1600,52,2,-53
"144","Florida State","Southern Mississippi",-120,-34.5796822339914,1,-10,53,1.7,29,0,-0.024,1,-10,53,1.7,29,0,-0.024193548387097,-28,-10000,52,2,53
"145","Purdue","Virginia Tech",-16,6.6413520632134,1,0,-5,-0.0999999999999996,-4,0,-0.033,1,0,-5,-0.0999999999999996,-4,0,-0.033333333333333,0,110,50,2,7
"146","Virginia Tech","Purdue",16,-6.6413520632134,-1,0,5,0.0999999999999996,4,0,0.033,-1,0,5,0.0999999999999996,4,0,0.033333333333333,0,-130,50,2,-7
"147","Texas A&M","Miami",1,-10.526521239954,0,0,0,0,0,0,0,0,0,0,0,0,0,0,-4.5,-210,49.5,2,-15
"148","Miami","Texas A&M",-1,10.526521239954,0,0,0,0,0,0,0,0,0,0,0,0,0,0,4.5,175,49.5,2,15
"149","Appalachian State","North Carolina",72,34.5796822339914,0,0,0,0,0,0,0,0,0,0,0,0,0,0,14.5,525,61,2,-6
"150","North Carolina","Appalachian State",-72,-34.5796822339914,0,0,0,0,0,0,0,0,0,0,0,0,0,0,-14.5,-800,61,2,6
"151","James Madison","Virginia",-78,34.5796822339914,0,0,0,0,0,0,0,0,0,0,0,0,0,0,-6,-250,44,2,1
"152","Virginia","James Madison",78,-34.5796822339914,0,0,0,0,0,0,0,0,0,0,0,0,0,0,6,210,44,2,-1
"153","Arizona State","Oklahoma State",40,-7.1113662456946,0,0,0,0,0,0,0,0,0,0,0,0,0,0,3.5,145,53,2,-12
"154","Oklahoma State","Arizona State",-40,7.1113662456946,0,0,0,0,0,0,0,0,0,0,0,0,0,0,-3.5,-170,53,2,12
"155","Troy","Kansas State",22,35.0871449205585,0,0,0,0,0,0,0,0,0,0,0,0,0,0,17,550,50,2,-29
"156","Kansas State","Troy",-22,-35.0871449205585,0,0,0,0,0,0,0,0,0,0,0,0,0,0,-17,-850,50,2,29
"157","Utah","Baylor",-59,-7.1113662456946,1,-3,-254,-2.3,-8,-2,0.038,1,-3,-254,-2.3,-8,-2,0.0385375494071141,-7,-300,51,2,7
"158","Baylor","Utah",59,7.1113662456946,-1,3,254,2.3,8,2,-0.038,-1,3,254,2.3,8,2,-0.0385375494071141,7,250,51,2,-7
"159","SMU","Oklahoma",39,45.6956741715153,-5,-11,-185,-6.3,-23,0,-0.304,-5,-11,-185,-6.3,-23,0,-0.303827751196172,14,600,70.5,2,-17
"160","Oklahoma","SMU",-39,-45.6956741715153,5,11,185,6.3,23,0,0.304,5,11,185,6.3,23,0,0.303827751196172,-14,-950,70.5,2,17
"161","Iowa","Iowa State",-19,7.1488147497805,0,-46,34,-0.5,-31,0,-0.233,0,-46,34,-0.5,-31,0,-0.232323232323233,-3.5,-185,36,2,7
"162","Iowa State","Iowa",19,-7.1488147497805,0,46,-34,0.5,31,0,0.233,0,46,-34,0.5,31,0,0.232323232323233,3.5,160,36,2,-7
"163","Oregon","Texas Tech",-42,-7.1113662456946,0,0,0,0,0,0,0,0,0,0,0,0,0,0,-7.5,-245,67,2,8
"164","Texas Tech","Oregon",42,7.1113662456946,0,0,0,0,0,0,0,0,0,0,0,0,0,0,7.5,205,67,2,-8
"165","Illinois","Kansas",58,7.1488147497805,0,0,0,0,0,0,0,0,0,0,0,0,0,0,3,155,55.5,2,-11
"166","Kansas","Illinois",-58,-7.1488147497805,0,0,0,0,0,0,0,0,0,0,0,0,0,0,-3,-180,55.5,2,11
"167","Middle Tennessee","Missouri",93,60.927935222672,0,0,0,0,0,0,0,0,0,0,0,0,0,0,20.5,800,51,2,-4
"168","Missouri","Middle Tennessee",-93,-60.927935222672,0,0,0,0,0,0,0,0,0,0,0,0,0,0,-20.5,-1600,51,2,4
"169","Cincinnati","Pittsburgh",-18,-0.507462686567102,0,0,0,0,0,0,0,0,0,0,0,0,0,0,7,250,48.5,2,6
"170","Pittsburgh","Cincinnati",18,0.507462686567102,0,0,0,0,0,0,0,0,0,0,0,0,0,0,-7,-300,48.5,2,-6
"171","UCF","Boise State",-9,-31.5887907401766,0,0,0,0,0,0,0,0,0,0,0,0,0,0,-2,-160,58.5,2,2
"172","Boise State","UCF",9,31.5887907401766,0,0,0,0,0,0,0,0,0,0,0,0,0,0,2,135,58.5,2,-2
"173","Sam Houston State","Air Force",-24,19.3200859291085,0,0,0,0,0,0,0,0,0,0,0,0,0,0,15,475,37,2,-10
"174","Air Force","Sam Houston State",24,-19.3200859291085,0,0,0,0,0,0,0,0,0,0,0,0,0,0,-15,-700,37,2,10
"175","UCLA","San Diego State",-77,-38.7001569858712,0,-1,99,3.2,-2,2,-0.0570000000000001,0,-1,99,3.2,-2,2,-0.056650246305419,-13,-575,49,2,25
"176","San Diego State","UCLA",77,38.7001569858712,0,1,-99,-3.2,2,-2,0.0570000000000001,0,1,-99,-3.2,2,-2,0.056650246305419,13,400,49,2,-25
"177","Charlotte","Maryland",98,38.5468594217348,0,0,0,0,0,0,0,0,0,0,0,0,0,0,24.5,1100,50.5,2,-18
"178","Maryland","Charlotte",-98,-38.5468594217348,0,0,0,0,0,0,0,0,0,0,0,0,0,0,-24.5,-3500,50.5,2,18
"179","Temple","Rutgers",73,38.5468594217348,-1,-61,68,0.4,-4,-1,-0.015,-1,-61,68,0.4,-4,-1,-0.014778325123153,10,300,46.5,2,-29
"180","Rutgers","Temple",-73,-38.5468594217348,1,61,-68,-0.4,4,1,0.015,1,61,-68,-0.4,4,1,0.014778325123153,-10,-400,46.5,2,29
"181","Washington State","Wisconsin",-12,-14.2601809954751,-1,-224,53,3.2,-10,0,-0.014,-1,-224,53,3.2,-10,0,-0.014193548387097,4.5,155,55,2,9
"182","Wisconsin","Washington State",12,14.2601809954751,1,224,-53,-3.2,10,0,0.014,1,224,-53,-3.2,10,0,0.014193548387097,-4.5,-180,55,2,-9
"183","Colorado","Nebraska",-20,-14.2601809954751,2,-126,270,4.9,-20,-3,0.23,2,-126,270,4.9,-20,-3,0.229563269876819,-2.5,-150,58.5,2,22
"184","Nebraska","Colorado",20,14.2601809954751,-2,126,-270,-4.9,20,3,-0.23,-2,126,-270,-4.9,20,3,-0.229563269876819,2.5,130,58.5,2,-22
"185","UTEP","Northwestern",34,43.7600619195046,1.5,230.5,192.5,2.6,48.5,-0.5,0.0930000000000001,1,144,163,2.6,25,1,0.000841042893186983,0,-105,37.5,2,-31
"186","Northwestern","UTEP",-34,-43.7600619195046,-1.5,-230.5,-192.5,-2.6,-48.5,0.5,-0.0930000000000001,-1,-144,-163,-2.6,-25,-1,-0.000841042893186983,0,-115,37.5,2,31
"187","North Carolina Central","North Carolina A&T",0,0,0,0,0,0,0,0,0,0,0,0,0,0,0,0,6.5,215,57.5,2,14
"188","North Carolina A&T","North Carolina Central",0,0,0,0,0,0,0,0,0,0,0,0,0,0,0,0,-6.5,-260,57.5,2,-14
"189","Marshall","East Carolina",-48,-10.6085292509568,0,0,0,0,0,0,0,0,0,0,0,0,0,0,0,-115,46.5,2,18
"190","East Carolina","Marshall",48,10.6085292509568,0,0,0,0,0,0,0,0,0,0,0,0,0,0,0,-105,46.5,2,-18
"191","Arkansas State","Memphis",69,-10.6085292509568,0,0,0,0,0,0,0,0,0,0,0,0,0,0,21.5,800,58.5,2,-34
"192","Memphis","Arkansas State",-69,10.6085292509568,0,0,0,0,0,0,0,0,0,0,0,0,0,0,-21.5,-1600,58.5,2,34
"193","North Texas","Florida International",9,-5.2132024977698,-1,-54.5,-18.5,2.1,-44.5,1,0.148,-2,-137,43,6.8,-30,2,0.21978021978022,-14,-585,53.5,2,-7
"194","Florida International","North Texas",-9,5.2132024977698,1,54.5,18.5,-2.1,44.5,-1,-0.148,2,137,-43,-6.8,30,-2,-0.21978021978022,14,410,53.5,2,7
"195","USC","Stanford",-101,0,1,2,95,2.8,-24,0,-0.0079999999999999,1,2,95,2.8,-24,0,-0.00873015873015792,-30,-10000,71,2,46
"196","Stanford","USC",101,0,-1,-2,-95,-2.8,24,0,0.0079999999999999,-1,-2,-95,-2.8,24,0,0.00873015873015792,30,1600,71,2,-46
"197","UAB","Georgia Southern",32,10.6085292509568,0,0,0,0,0,0,0,0,0,0,0,0,0,0,5,190,59,2,-14
"198","Georgia Southern","UAB",-32,-10.6085292509568,0,0,0,0,0,0,0,0,0,0,0,0,0,0,-5,-230,59,2,14
"199","Jacksonville State","Coastal Carolina",-89,15.8217317487266,4,166.5,-25.5,-1.65,13.5,-3,-0.0590000000000001,6,181,19,0,20,-3,0.033047735618115,13,390,56.5,2,-14
"200","Coastal Carolina","Jacksonville State",89,-15.8217317487266,-4,-166.5,25.5,1.65,-13.5,3,0.0590000000000001,-6,-181,-19,0,-20,3,-0.033047735618115,-13,-550,56.5,2,14
"201","Connecticut","Georgia State",55,11.4132104454685,-1,-71,-151,-5.5,-4,1,-0.281,-1,-71,-151,-5.5,-4,1,-0.281481481481482,5,135,54.5,2,-21
"202","Georgia State","Connecticut",-55,-11.4132104454685,1,71,151,5.5,4,-1,0.281,1,71,151,5.5,4,-1,0.281481481481482,-5,-160,54.5,2,21
"203","UT San Antonio","Texas State",10,10.6085292509568,-2,65,-24,-4.1,33,1,-0.233,-2,65,-24,-4.1,33,1,-0.233333333333333,-11,0,62,2,7
"204","Texas State","UT San Antonio",-10,-10.6085292509568,2,-65,24,4.1,-33,-1,0.233,2,-65,24,4.1,-33,-1,0.233333333333333,11,335,62,2,-7
"205","Rice","Houston",16,45.6956741715153,0,0,0,0,0,0,0,0,0,0,0,0,0,0,9,275,52.5,2,2
"206","Houston","Rice",-16,-45.6956741715153,0,0,0,0,0,0,0,0,0,0,0,0,0,0,-9,-350,52.5,2,-2
"207","New Mexico State","Liberty",53,0,2,0,171,6.05,5.5,0.5,0.133,4,24,261,10.1,22,-1,0.222727272727273,13,390,56.5,2,-16
"208","Liberty","New Mexico State",-53,0,-2,0,-171,-6.05,-5.5,-0.5,-0.133,-4,-24,-261,-10.1,-22,1,-0.222727272727273,-13,-550,56.5,2,16
"209","South Carolina","Georgia",46,0,0,0,0,0,0,0,0,0,0,0,0,0,0,0,27,1300,55,3,-10
"210","Georgia","South Carolina",-46,0,0,0,0,0,0,0,0,0,0,0,0,0,0,0,-27,-7000,55,3,10
"211","Tennessee","Florida",-13,0,0,0,0,0,0,0,0,0,0,0,0,0,0,0,-7.5,-260,57.5,3,-13
"212","Florida","Tennessee",13,0,0,0,0,0,0,0,0,0,0,0,0,0,0,0,7.5,215,57.5,3,13
"213","Akron","Kentucky",107,64.8475524475525,-1,-39,-75,-0.7,31,0,0.005,-1,-39,-75,-0.7,31,0,0.00556173526140102,24.5,1100,50.5,3,-32
"214","Kentucky","Akron",-107,-64.8475524475525,1,39,75,0.7,-31,0,-0.005,1,39,75,0.7,-31,0,-0.00556173526140102,-24.5,-3500,50.5,3,32
"215","UNLV","Vanderbilt",-18,41.6078492935635,4.5,194,34,-3.05,-12,0.5,-0.025,5,159,-29,-2.8,3,-1,-0.041666666666667,4,175,57,3,3
"216","Vanderbilt","UNLV",18,-41.6078492935635,-4.5,-194,-34,3.05,12,-0.5,0.025,-5,-159,29,2.8,-3,1,0.041666666666667,-4,-210,57,3,-3
"217","South Florida","Alabama",83,55.7147327249022,2,267,178,-4.5,10,1,-0.078,2,267,178,-4.5,10,1,-0.077342047930283,31.5,2500,61.5,3,-14
"218","Alabama","South Florida",-83,-55.7147327249022,-2,-267,-178,4.5,-10,-1,0.078,-2,-267,-178,4.5,-10,-1,0.077342047930283,-31.5,-20000,61.5,3,14
"219","Georgia Tech","Ole Miss",40,10.526521239954,1,86,125,0,-31,1,-0.049,1,86,125,0,-31,1,-0.049107142857143,19,750,63,3,-25
"220","Ole Miss","Georgia Tech",-40,-10.526521239954,-1,-86,-125,0,31,-1,0.049,-1,-86,-125,0,31,-1,0.049107142857143,-19,-1400,63,3,25
"221","LSU","Mississippi State",-37,0,1,-32,152,-0.0999999999999996,-60,1,-0.17,1,-32,152,-0.0999999999999996,-60,1,-0.170111287758346,-9,-400,54.5,3,27
"222","Mississippi State","LSU",37,0,-1,32,-152,0.0999999999999996,60,-1,0.17,-1,32,-152,0.0999999999999996,60,-1,0.170111287758346,9,300,54.5,3,-27
"223","BYU","Arkansas",-30,10.0190585533869,-1,7,-122,-6.6,-20,0,-0.194,-1,7,-122,-6.6,-20,0,-0.193939393939394,10,295,52,3,7
"224","Arkansas","BYU",30,-10.0190585533869,1,-7,122,6.6,20,0,0.194,1,-7,122,6.6,20,0,0.193939393939394,-10,-390,52,3,-7
"225","Cincinnati","Miami (OH)",7,-54.8284938941656,2,125,188.5,0.699999999999999,13,-0.5,0.234,1,72,-75,-8,20,-2,0.158249158249159,-16.5,-625,47.5,3,-7
"226","Miami (OH)","Cincinnati",-7,54.8284938941656,-2,-125,-188.5,-0.699999999999999,-13,0.5,-0.234,-1,-72,75,8,-20,2,-0.158249158249159,16.5,430,47.5,3,7
"227","Iowa State","Ohio",-7,-54.8284938941656,0,-20.5,-102,-0.75,20,-2.5,0.0850000000000001,-1,-64,-64,-2.4,14,-2,-0.097962382445141,-2,-130,44.5,3,-3
"228","Ohio","Iowa State",7,54.8284938941656,0,20.5,102,0.75,-20,2.5,-0.0850000000000001,1,64,64,2.4,-14,2,0.097962382445141,2,110,44.5,3,3
"229","San José State","Toledo",47,-23.239703153989,0,-59,-74,-0.9,-9.5,-0.5,0.0259999999999999,0,12,-20,-1.1,-19,-1,-0.00207900207900302,7.5,250,57,3,-4
"230","Toledo","San José State",-47,23.239703153989,0,59,74,0.9,9.5,0.5,-0.0259999999999999,0,-12,20,1.1,19,1,0.00207900207900302,-7.5,-300,57,3,4
"231","Iowa","Western Michigan",-92,-47.6796791443851,0,3,-58.5,1.05,-74,-0.5,-0.0509999999999999,0,15,-83,0.899999999999999,-99,0,-0.0502901353965191,-25,-6500,43.5,3,31
"232","Western Michigan","Iowa",92,47.6796791443851,0,-3,58.5,-1.05,74,0.5,0.0509999999999999,0,-15,83,-0.899999999999999,99,0,0.0502901353965191,25,1300,43.5,3,-31
"233","UMass","Eastern Michigan",17,-8.32813852813861,2,48.5,195.5,5.55,0.5,0,0.158,0,-19,154,3.4,7,1,0.178571428571429,10,305,53,3,-2
"234","Eastern Michigan","UMass",-17,8.32813852813861,-2,-48.5,-195.5,-5.55,-0.5,0,-0.158,0,19,-154,-3.4,-7,-1,-0.178571428571429,-10,-410,53,3,2
"235","Nebraska","Northern Illinois",-44,-47.6796791443851,-2.5,35.5,-20,-0.2,12.5,3,0.056,-2,56,3,-0.5,5,3,0.017241379310345,-13,-500,46,3,24
"236","Northern Illinois","Nebraska",44,47.6796791443851,2.5,-35.5,20,0.2,-12.5,-3,-0.056,2,-56,-3,0.5,-5,-3,-0.017241379310345,13,360,46,3,-24
"237","Liberty","Buffalo",-68,-3.9196172248805,1.5,126,141.5,4.4,-3.5,1,-0.0590000000000001,2,128,210,6.3,12,1,-0.034146341463415,-4.5,-175,56.5,3,28
"238","Buffalo","Liberty",68,3.9196172248805,-1.5,-126,-141.5,-4.4,3.5,-1,0.0590000000000001,-2,-128,-210,-6.3,-12,-1,0.034146341463415,4.5,150,56.5,3,-28
"239","Boston College","Florida State",77,0,-2,-74.5,-210,-5.1,38.5,0.5,-0.209,-3,-160,-240,-3.4,48,1,-0.115131578947368,28.5,1600,56.5,3,-2
"240","Florida State","Boston College",-77,0,2,74.5,210,5.1,-38.5,-0.5,0.209,3,160,240,3.4,-48,-1,0.115131578947368,-28.5,-10000,56.5,3,2
"241","Florida Atlantic","Clemson",67,45.1882114849482,0,-208,-237,-0.7,59,-1,-0.093,0,-208,-237,-0.7,59,-1,-0.0930232558139531,24,1050,52.5,3,-34
"242","Clemson","Florida Atlantic",-67,-45.1882114849482,0,208,237,0.7,-59,1,0.093,0,208,237,0.7,-59,1,0.0930232558139531,-24,-2500,52.5,3,34
"243","Old Dominion","Wake Forest",40,34.5796822339914,-1,8,-160.5,-5.45,-1.5,2,-0.124,-1,-87,-189,-3.7,11,2,-0.133846153846154,14,475,59.5,3,-3
"244","Wake Forest","Old Dominion",-40,-34.5796822339914,1,-8,160.5,5.45,1.5,-2,0.124,1,87,189,3.7,-11,-2,0.133846153846154,-14,-700,59.5,3,3
"245","Rutgers","Virginia Tech",-34,6.6413520632134,2,128,41.5,-0.25,5.5,0,0.00600000000000001,3,243,166,2.5,31,-1,0.026190476190476,-4.5,-185,39.5,3,19
"246","Virginia Tech","Rutgers",34,-6.6413520632134,-2,-128,-41.5,0.25,-5.5,0,-0.00600000000000001,-3,-243,-166,-2.5,-31,1,-0.026190476190476,4.5,160,39.5,3,-19
"247","Minnesota","North Carolina",67,6.6413520632134,-2.5,-68,-150,-1.5,-33.5,0.5,-0.119,-3,-23,-114,0.899999999999999,-43,2,-0.033333333333333,6.5,235,49,3,-18
"248","North Carolina","Minnesota",-67,-6.6413520632134,2.5,68,150,1.5,33.5,-0.5,0.119,3,23,114,-0.899999999999999,43,-2,0.033333333333333,-6.5,-285,49,3,18
"249","Maryland","Virginia",-90,6.6413520632134,0,225,135,-6.5,-30,1,-0.0750000000000001,0,225,135,-6.5,-30,1,-0.0747863247863251,-14,-625,50,3,28
"250","Virginia","Maryland",90,-6.6413520632134,0,-225,-135,6.5,30,-1,0.0750000000000001,0,-225,-135,6.5,30,-1,0.0747863247863251,14,430,50,3,-28
"251","Northwestern","Duke",79,6.6413520632134,-1.5,-101,-78,2.4,-13.5,-1,0.118,0,-15,17,5.3,-12,-2,0.15,19,700,46.5,3,-24
"252","Duke","Northwestern",-79,-6.6413520632134,1.5,101,78,-2.4,13.5,1,-0.118,0,15,-17,-5.3,12,2,-0.15,-19,-1200,46.5,3,24
"253","UT San Antonio","Army",-14,-0.804681194511687,1,11,115.5,-3.2,-0.5,-3,0.092,1,-14,93,-3.3,-30,-4,0.184210526315789,-10,-285,46.5,3,-8
"254","Army","UT San Antonio",14,0.804681194511687,-1,-11,-115.5,3.2,0.5,3,-0.092,-1,14,-93,3.3,30,4,-0.184210526315789,10,235,46.5,3,8
"255","South Alabama","Oklahoma State",16,35.0871449205585,-0.5,-56,-113.5,0.149999999999999,8.5,4.5,0.111,0,-38,-39,0.3,-2,5,0.0791666666666671,9,240,47.5,3,26
"256","Oklahoma State","South Alabama",-16,-35.0871449205585,0.5,56,113.5,-0.149999999999999,-8.5,-4.5,-0.111,0,38,39,-0.3,2,-5,-0.0791666666666671,-9,-290,47.5,3,-26
"257","Missouri","Kansas State",-15,-10.0190585533869,-1,14.5,-20.5,1.9,8,-0.5,0.097,-2,-35,-81,2.9,5,-1,0.080592105263158,5.5,190,46,3,3
"258","Kansas State","Missouri",15,10.0190585533869,1,-14.5,20.5,-1.9,-8,0.5,-0.097,2,35,81,-2.9,-5,1,-0.080592105263158,-5.5,-230,46,3,-3
"259","Tulsa","Oklahoma",97,45.6956741715153,0,0,0,0,0,0,0,0,0,0,0,0,0,0,26,1200,59.5,3,-49
"260","Oklahoma","Tulsa",-97,-45.6956741715153,0,0,0,0,0,0,0,0,0,0,0,0,0,0,-26,-5000,59.5,3,49
"261","Wyoming","Texas",24,31.5887907401766,1,66,-134,-4.8,-25,2,-0.103,1,66,-134,-4.8,-25,2,-0.102167182662539,28,1600,49,3,-21
"262","Texas","Wyoming",-24,-31.5887907401766,-1,-66,134,4.8,25,-2,0.103,-1,-66,134,4.8,25,-2,0.102167182662539,-28,-10000,49,3,21
"263","Houston","TCU",36,0,-2,-120,-152.5,-0.149999999999999,-43.5,-1.5,0.032,0,-79,-98,-0.6,-34,-1,-0.0132890365448499,8,260,62,3,-23
"264","TCU","Houston",-36,0,2,120,152.5,0.149999999999999,43.5,1.5,-0.032,0,79,98,0.6,34,1,0.0132890365448499,-8,-320,62,3,23
"265","Pittsburgh","West Virginia",51,0.507462686567102,-2,-63,-46,-0.4,-20,1,-0.281,-2,-63,-46,-0.4,-20,1,-0.280092592592593,1.5,-125,50,3,-11
"266","West Virginia","Pittsburgh",-51,-0.507462686567102,2,63,46,0.4,20,-1,0.281,2,63,46,0.4,20,-1,0.280092592592593,-1.5,105,50,3,11
"267","Louisiana Monroe","Texas A&M",90,45.1062034739454,-1,110,-135,-3.4,-20,-1,-0.101,-1,110,-135,-3.4,-20,-1,-0.101034692635423,32,2500,53.5,3,-44
"268","Texas A&M","Louisiana Monroe",-90,-45.1062034739454,1,-110,135,3.4,20,1,0.101,1,-110,135,3.4,20,1,0.101034692635423,-32,-20000,53.5,3,44
"269","Purdue","Syracuse",29,6.6413520632134,-1.5,-9,-101,-0.9,-30.5,0,0.00700000000000001,-1,26,-69,-1.5,-24,0,0.0610859728506791,0,120,57,3,-15
"270","Syracuse","Purdue",-29,-6.6413520632134,1.5,9,101,0.9,30.5,0,-0.00700000000000001,1,-26,69,1.5,24,0,-0.0610859728506791,0,-140,57,3,15
"271","Air Force","Utah State",-61,0,1,128,-71,0.3,-71,0,-0.334,1,128,-71,0.3,-71,0,-0.333333333333334,-8.5,-380,47,3,18
"272","Utah State","Air Force",61,0,-1,-128,71,-0.3,71,0,0.334,-1,-128,71,-0.3,71,0,0.333333333333334,8.5,290,47,3,-18
"273","Colorado","Colorado State",-57,-38.7001569858712,2,19.5,152.5,2.65,17.5,-1,0.132,2,21,97,1.7,40,-1,0.0909090909090909,-21,-2200,59.5,3,8
"274","Colorado State","Colorado",57,38.7001569858712,-2,-19.5,-152.5,-2.65,-17.5,1,-0.132,-2,-21,-97,-1.7,-40,1,-0.0909090909090909,21,1000,59.5,3,-8
"275","New Mexico State","New Mexico",-21,19.3200859291085,0,0,0,0,0,0,0,0,0,0,0,0,0,0,1.5,-110,51,3,10
"276","New Mexico","New Mexico State",21,-19.3200859291085,0,0,0,0,0,0,0,0,0,0,0,0,0,0,-1.5,-110,51,3,-10
"277","Arizona State","Fresno State",61,-38.7001569858712,0,-6,-210,-2.4,-36,0,-0.159,0,-6,-210,-2.4,-36,0,-0.159386973180077,2.5,145,51.5,3,-29
"278","Fresno State","Arizona State",-61,38.7001569858712,0,6,210,2.4,36,0,0.159,0,6,210,2.4,36,0,0.159386973180077,-2.5,-170,51.5,3,29
"279","Oregon State","San Diego State",-78,-38.7001569858712,3,88.5,184.5,4.35,27.5,-2,0.201,3,134,214,4.7,36,-3,0.259398496240602,-22,-2500,47.5,3,17
"280","San Diego State","Oregon State",78,38.7001569858712,-3,-88.5,-184.5,-4.35,-27.5,2,-0.201,-3,-134,-214,-4.7,-36,3,-0.259398496240602,22,1000,47.5,3,-17
"281","Indiana","Louisville",84,6.6413520632134,-1,-156,-321,-3.9,16,-1,-0.131,-1,-156,-321,-3.9,16,-1,-0.130645161290323,9.5,280,54,3,-7
"282","Louisville","Indiana",-84,-6.6413520632134,1,156,321,3.9,-16,1,0.131,1,156,321,3.9,-16,1,0.130645161290323,-9.5,-360,54,3,7
"283","Western Kentucky","Ohio State",71,43.7600619195046,0,-14,85,0.100000000000001,14,-1,-0.003,0,-14,85,0.100000000000001,14,-1,-0.00333333333333308,27.5,1300,64,3,-53
"284","Ohio State","Western Kentucky",-71,-43.7600619195046,0,14,-85,-0.100000000000001,-14,1,0.003,0,14,-85,-0.100000000000001,-14,1,0.00333333333333308,-27.5,-6500,64,3,53
"285","Washington","Michigan State",-76,-14.2601809954751,0,-49,162,3.2,-6,0,0.193,0,-49,162,3.2,-6,0,0.192640692640693,-12,-750,58,3,34
"286","Michigan State","Washington",76,14.2601809954751,0,49,-162,-3.2,6,0,-0.193,0,49,-162,-3.2,6,0,-0.192640692640693,12,500,58,3,-34
"287","Illinois","Penn State",76,0,-0.5,7.5,-120.5,-3.55,74,1.5,-0.0479999999999999,0,-7,-137,-3.9,53,2,-0.0547619047619039,15,475,48,3,-17
"288","Penn State","Illinois",-76,0,0.5,-7.5,120.5,3.55,-74,-1.5,0.0479999999999999,0,7,137,3.9,-53,-2,0.0547619047619039,-15,-700,48,3,17
"289","Georgia Southern","Wisconsin",44,27.938330170778,0.5,-84.5,26.5,0.7,25,-0.5,0.112,2,27,94,0.3,25,-1,0.1875,15,575,63,3,-21
"290","Wisconsin","Georgia Southern",-44,-27.938330170778,-0.5,84.5,-26.5,-0.7,-25,0.5,-0.112,-2,-27,-94,-0.3,-25,1,-0.1875,-15,-900,63,3,21
"291","Appalachian State","East Carolina",-26,-10.6085292509568,2,73,225,2.4,-42,-1,0.093,2,73,225,2.4,-42,-1,0.092273068267067,-9.5,-370,50.5,3,15
"292","East Carolina","Appalachian State",26,10.6085292509568,-2,-73,-225,-2.4,42,1,-0.093,-2,-73,-225,-2.4,42,1,-0.092273068267067,9.5,285,50.5,3,-15
"293","Navy","Memphis",75,0,-2,-24,-220,-2.1,-14,0,-0.295,-2,-24,-220,-2.1,-14,0,-0.295566502463054,16,450,47,3,-4
"294","Memphis","Navy",-75,0,2,24,220,2.1,14,0,0.295,2,24,220,2.1,14,0,0.295566502463054,-16,-650,47,3,4
"295","Southern Mississippi","Tulane",87,-10.6085292509568,0.5,-2,-39.5,-5.9,22.5,-1.5,-0.12,0,-7,-84,-1.7,80,-1,-0.081875993640699,11,360,52.5,3,-18
"296","Tulane","Southern Mississippi",-87,10.6085292509568,-0.5,2,39.5,5.9,-22.5,1.5,0.12,0,7,84,1.7,-80,1,0.081875993640699,-11,-500,52.5,3,18
"297","Connecticut","Florida International",17,-4.40852130325811,-1,-33,-34.167,-0.717,1.667,-0.333,0.0600000000000001,-4,-173,-188,-2,10,0,-0.03525641025641,-10,-410,46.5,3,-7
"298","Florida International","Connecticut",-17,4.40852130325811,1,33,34.167,0.717,-1.667,0.333,-0.0600000000000001,4,173,188,2,-10,0,0.03525641025641,10,305,46.5,3,7
"299","North Texas","Louisiana Tech",7,-5.2132024977698,0,73,31.5,0.35,-23,1.5,-0.117,1,133,107,0.9,-12,1,-0.172727272727273,3,155,68.5,3,3
"300","Louisiana Tech","North Texas",-7,5.2132024977698,0,-73,-31.5,-0.35,23,-1.5,0.117,-1,-133,-107,-0.9,12,-1,0.172727272727273,-3,-180,68.5,3,-3
"301","Arizona","UTEP",-73,-58.0202429149797,0,-105.333,62.333,0,-11.333,3,0.0389999999999999,1,-13,112,0,13,2,0.068794326241135,-17,-950,55.5,3,21
"302","UTEP","Arizona",73,58.0202429149797,0,105.333,-62.333,0,11.333,-3,-0.0389999999999999,-1,13,-112,0,-13,-2,-0.068794326241135,17,600,55.5,3,-21
"303","Troy","James Madison",23,0,-2,-97,-109,-1.4,-34,2,-0.0770000000000001,-2,-97,-109,-1.4,-34,2,-0.077302631578947,-1,-125,49.5,3,-2
"304","James Madison","Troy",-23,0,2,97,109,1.4,34,-2,0.0770000000000001,2,97,109,1.4,34,-2,0.077302631578947,1,105,49.5,3,2
"305","Charlotte","Georgia State",58,10.6085292509568,-2.5,-115.5,-95,1.9,-4,1.5,-0.0379999999999999,-3,-125,-80,4,17,1,0.073076923076923,8.5,205,55.5,3,-16
"306","Georgia State","Charlotte",-58,-10.6085292509568,2.5,115.5,95,-1.9,4,-1.5,0.0379999999999999,3,125,80,-4,-17,-1,-0.073076923076923,-8.5,-245,55.5,3,16
"307","UAB","Louisiana",29,10.6085292509568,0,0,0,0,0,0,0,0,0,0,0,0,0,0,-1,-130,58,3,-20
"308","Louisiana","UAB",-29,-10.6085292509568,0,0,0,0,0,0,0,0,0,0,0,0,0,0,1,100,58,3,20
"309","Ohio State","Notre Dame",-15,-39.3515406162465,0.5,-7,21,-1.05,-5.5,1,-0.014,1,34,106,1.4,-42,1,0.189814814814815,-7.5,-150,54,4,3
"310","Notre Dame","Ohio State",15,39.3515406162465,-0.5,7,-21,1.05,5.5,-1,0.014,-1,-34,-106,-1.4,42,-1,-0.189814814814815,7.5,130,54,4,-3
"311","Charlotte","Florida",91,55.7147327249022,-0.5,8.5,-12.5,1.35,14.5,1.5,-0.094,-2,-95,7,0.8,35,2,-0.13452380952381,27,1300,51,4,-15
"312","Florida","Charlotte",-91,-55.7147327249022,0.5,-8.5,12.5,-1.35,-14.5,-1.5,0.094,2,95,-7,-0.8,-35,-2,0.13452380952381,-27,-6500,51,4,15
"313","UT San Antonio","Tennessee",55,55.7147327249022,1,62.333,-4,-1.633,-44.333,0.667,0.017,1,21,-27,0.5,-44,0,0.041394335511983,20,750,56,4,-31
"314","Tennessee","UT San Antonio",-55,-55.7147327249022,-1,-62.333,4,1.633,44.333,-0.667,-0.017,-1,-21,27,-0.5,44,0,-0.041394335511983,-20,-1400,56,4,31
"315","Mississippi State","South Carolina",11,0,-0.5,94,-76,-1,11.5,-0.5,-0.0580000000000001,0,41,-108,-2.4,-32,-2,-0.110016420361248,5,175,51,4,-7
"316","South Carolina","Mississippi State",-11,0,0.5,-94,76,1,-11.5,0.5,0.0580000000000001,0,-41,108,2.4,32,2,0.110016420361248,-5,-210,51,4,7
"317","Vanderbilt","Kentucky",68,0,-1.667,-47,-22,-1.35,0,0.333,-0.003,-2,-52,-30,-3,-15,1,-0.128898128898128,13.5,400,51,4,-17
"318","Kentucky","Vanderbilt",-68,0,1.667,47,22,1.35,0,-0.333,0.003,2,52,30,3,15,-1,0.128898128898128,-13.5,-575,51,4,17
"319","Ole Miss","Alabama",3,0,2,39,120.5,4.45,-17,-1,0.108,3,96,240,8.5,5,-1,0.091533180778032,14.5,215,55,4,-14
"320","Alabama","Ole Miss",-3,0,-2,-39,-120.5,-4.45,17,1,-0.108,-3,-96,-240,-8.5,-5,1,-0.091533180778032,-14.5,-260,55,4,14
"321","LSU","Arkansas",-46,0,0,-3,93,0.6,-65.5,0,-0.027,1,-14,106,2.8,-75,-2,0.152123552123552,-12.5,-950,56,4,3
"322","Arkansas","LSU",46,0,0,3,-93,-0.6,65.5,0,0.027,-1,14,-106,-2.8,75,2,-0.152123552123552,12.5,600,56,4,-3
"323","Texas A&M","Auburn",-14,0,2.5,-8.5,265,2.65,-3.5,-2.5,0.104,3,22,327,4.5,-6,-4,0.211764705882353,-7,-275,52,4,17
"324","Auburn","Texas A&M",14,0,-2.5,8.5,-265,-2.65,3.5,2.5,-0.104,-3,-22,-327,-4.5,6,4,-0.211764705882353,7,225,52,4,-17
"325","Bowling Green","Ohio",55,0,0.667,66.333,-2.33300000000003,-1.167,59.333,3,-0.188,1,79,81,0.2,71,5,-0.145161290322581,9,280,46,4,-31
"326","Ohio","Bowling Green",-55,0,-0.667,-66.333,2.33300000000003,1.167,-59.333,-3,0.188,-1,-79,-81,-0.2,-71,-5,0.145161290322581,-9,-360,46,4,31
"327","Fresno State","Kent State",-98,-23.239703153989,0,0,0,0,0,0,0,0,0,0,0,0,0,0,-27,-5000,51,4,43
"328","Kent State","Fresno State",98,23.239703153989,0,0,0,0,0,0,0,0,0,0,0,0,0,0,27,1300,51,4,-43
"329","Indiana","Akron",-33,-47.6796791443851,0,3,-4,0.600000000000001,-14,-0.5,-0.0690000000000001,1,9,118,4.2,-21,0,-0.00143472022955504,-17.5,-900,45,4,2
"330","Akron","Indiana",33,47.6796791443851,0,-3,4,-0.600000000000001,14,0.5,0.0690000000000001,-1,-9,-118,-4.2,21,0,0.00143472022955504,17.5,575,45,4,-2
"331","Western Michigan","Toledo",67,0,-0.5,-100.5,-90,0.65,25,-1,-0.0610000000000001,-1,-112,-82,2.8,-9,-2,-0.176328502415459,20.5,700,55,4,-18
"332","Toledo","Western Michigan",-67,0,0.5,100.5,90,-0.65,-25,1,0.0610000000000001,1,112,82,-2.8,9,2,0.176328502415459,-20.5,-1200,55,4,18
"333","Georgia Southern","Ball State",-54,-19.7413489736071,1,23,163.5,-0.100000000000001,21.5,2,-0.00900000000000001,0,0,160,0,14,4,-0.0987179487179479,-7,-275,58.5,4,37
"334","Ball State","Georgia Southern",54,19.7413489736071,-1,-23,-163.5,0.100000000000001,-21.5,-2,0.00900000000000001,0,0,-160,0,-14,-4,0.0987179487179479,7,225,58.5,4,-37
"335","Jacksonville State","Eastern Michigan",-112,-3.9196172248805,2.5,62.833,82.5,1.033,-33.5,-0.333,0.11,0,-28,22,1.4,-55,1,0.071428571428571,-4.5,-200,50.5,4,21
"336","Eastern Michigan","Jacksonville State",112,3.9196172248805,-2.5,-62.833,-82.5,-1.033,33.5,0.333,-0.11,0,28,-22,-1.4,55,-1,-0.071428571428571,4.5,170,50.5,4,-21
"337","South Alabama","Central Michigan",-27,-19.7413489736071,1.5,36,111,4.1,-25,1.5,0.176,2,120,176,5.7,-35,-1,0.105,-14.5,-700,52.5,4,-4
"338","Central Michigan","South Alabama",27,19.7413489736071,-1.5,-36,-111,-4.1,25,-1.5,-0.176,-2,-120,-176,-5.7,35,1,-0.105,14.5,475,52.5,4,4
"339","Tulsa","Northern Illinois",-5,-9.1328197226503,-1.5,-21,48.5,3.35,10.5,4,0.153,0,49,143,4.6,23,4,0.157407407407408,3,150,53.5,4,8
"340","Northern Illinois","Tulsa",5,9.1328197226503,1.5,21,-48.5,-3.35,-10.5,-4,-0.153,0,-49,-143,-4.6,-23,-4,-0.157407407407408,-3,-175,53.5,4,-8
"341","Louisiana","Buffalo",-38,-19.7413489736071,4,200.5,173.5,3.65,-7.5,2,0.0660000000000001,4,218,150,3.3,-10,1,0.0980392156862749,-9.5,-340,58,4,7
"342","Buffalo","Louisiana",38,19.7413489736071,-4,-200.5,-173.5,-3.65,7.5,-2,-0.0660000000000001,-4,-218,-150,-3.3,10,-1,-0.0980392156862749,9.5,270,58,4,-7
"343","Clemson","Florida State",28,0,-1.167,-1.667,-68.167,-3.717,-21.333,1,-0.029,1,35,27,-2.6,10,-1,-0.018939393939394,1.5,105,55,4,-7
"344","Florida State","Clemson",-28,0,1.167,1.667,68.167,3.717,21.333,-1,0.029,-1,-35,-27,2.6,-10,1,0.018939393939394,-1.5,-125,55,4,7
"345","Louisville","Boston College",-67,0,0,56.5,62.5,2.45,-57.5,0,0.0549999999999999,0,32,-35,1.3,-81,0,-0.023017902813299,-13.5,-625,55,4,28
"346","Boston College","Louisville",67,0,0,-56.5,-62.5,-2.45,57.5,0,-0.0549999999999999,0,-32,35,-1.3,81,0,0.023017902813299,13.5,430,55,4,-28
"347","Virginia","NC State",71,0,0,-92,20.5,4.9,33.5,1,0.123,0,7,10,1.3,-8,1,0.131410256410257,9,285,45.5,4,-3
"348","NC State","Virginia",-71,0,0,92,-20.5,-4.9,-33.5,-1,-0.123,0,-7,-10,-1.3,8,-1,-0.131410256410257,-9,-370,45.5,4,3
"349","Georgia Tech","Wake Forest",3,0,0.833,10,41,-0.149999999999999,-36.667,-0.667,0.00600000000000001,1,70,65,-0.3,-65,-3,0.08130081300813,7,200,60.5,4,14
"350","Wake Forest","Georgia Tech",-3,0,-0.833,-10,-41,0.149999999999999,36.667,0.667,-0.00600000000000001,-1,-70,-65,0.3,65,3,-0.08130081300813,-7,-240,60.5,4,-14
"351","Marshall","Virginia Tech",-26,34.5796822339914,2.333,48,67.667,1.867,-7.333,-0.333,0.0379999999999999,2,2,73,3.1,-36,-1,-0.00754310344827602,-7.5,-300,41.5,4,7
"352","Virginia Tech","Marshall",26,-34.5796822339914,-2.333,-48,-67.667,-1.867,7.333,0.333,-0.0379999999999999,-2,-2,-73,-3.1,36,1,0.00754310344827602,7.5,250,41.5,4,-7
"353","Temple","Miami",98,45.1882114849482,-1,-99,-146.5,-5.65,-54.5,0,-0.252,0,-9,-153,-7.6,-64,1,-0.274468085106383,25,1100,52.5,4,-34
"354","Miami","Temple",-98,-45.1882114849482,1,99,146.5,5.65,54.5,0,0.252,0,9,153,7.6,64,-1,0.274468085106383,-25,-3300,52.5,4,34
"355","Pittsburgh","North Carolina",77,0,-3,-90.833,-257.833,-3.717,-2,0.667,-0.369,-2,25,-308,-6.3,18,1,-0.325,5.5,200,50,4,-17
"356","North Carolina","Pittsburgh",-77,0,3,90.833,257.833,3.717,2,-0.667,0.369,2,-25,308,6.3,-18,-1,0.325,-5.5,-240,50,4,17
"357","Connecticut","Duke",108,45.9928926794599,-3,-105.833,-116.5,-2.517,32,0.333,-0.099,-4,-95,-144,-5.7,45,0,-0.28125,22.5,850,47,4,-34
"358","Duke","Connecticut",-108,-45.9928926794599,3,105.833,116.5,2.517,-32,-0.333,0.099,4,95,144,5.7,-45,0,0.28125,-22.5,-1800,47,4,34
"359","Syracuse","Army",-48,-45.9928926794599,3,-1,115,-1.95,71,-2,0.0860000000000001,2,17,13,-3.8,105,1,0.055555555555556,-13,-550,50.5,4,13
"360","Army","Syracuse",48,45.9928926794599,-3,1,-115,1.95,-71,2,-0.0860000000000001,-2,-17,-13,3.8,-105,-1,-0.055555555555556,13,390,50.5,4,-13
"361","Iowa State","Oklahoma State",-5,0,-1,-32.334,-51.3339999999999,1.7,-4,0,0.0800000000000001,-1,-56,63,6.4,-14,0,0.251190476190476,-2.5,-150,37,4,7
"362","Oklahoma State","Iowa State",5,0,1,32.334,51.3339999999999,-1.7,4,0,-0.0800000000000001,1,56,-63,-6.4,14,0,-0.251190476190476,2.5,130,37,4,-7
"363","UCF","Kansas State",20,0,-0.5,115.5,127.5,3.95,-30,1,0.018,1,120,122,4.4,-40,1,0.025641025641026,7,215,57,4,-13
"364","Kansas State","UCF",-20,0,0.5,-115.5,-127.5,-3.95,30,-1,-0.018,-1,-120,-122,-4.4,40,-1,-0.025641025641026,-7,-260,57,4,13
"365","Texas","Baylor",-70,0,0,30.5,-46.5,-0.95,0,-1.5,0.0569999999999999,0,64,-23,-1.6,5,-1,0.095238095238095,-14.5,-600,52,4,32
"366","Baylor","Texas",70,0,0,-30.5,46.5,0.95,0,1.5,-0.0569999999999999,0,-64,23,1.6,-5,1,-0.095238095238095,14.5,425,52,4,-32
"367","Cincinnati","Oklahoma",64,0,-0.667,63.333,-8.66700000000003,-1.067,1.666,0.666,-0.128,0,154,-57,-5.8,13,0,-0.327731092436975,13.5,375,61,4,-14
"368","Oklahoma","Cincinnati",-64,0,0.667,-63.333,8.66700000000003,1.067,-1.666,-0.666,0.128,0,-154,57,5.8,-13,0,0.327731092436975,-13.5,-525,61,4,14
"369","West Virginia","Texas Tech",-12,0,0.5,15,-184,-1.55,-13.5,-2,-0.0770000000000001,0,-23,-245,-1.9,-13,-3,-0.086124401913876,5,170,55,4,7
"370","Texas Tech","West Virginia",12,0,-0.5,-15,184,1.55,13.5,2,0.0770000000000001,0,23,245,1.9,13,3,0.086124401913876,-5,-200,55,4,-7
"371","BYU","Kansas",12,0,0,-167.5,-270,-3.5,21.5,-1.5,-0.152,0,-185,-258,-1.8,11,-1,-0.185676392572945,8,260,55.5,4,-11
"372","Kansas","BYU",-12,0,0,167.5,270,3.5,-21.5,1.5,0.152,0,185,258,1.8,-11,1,0.185676392572945,-8,-320,55.5,4,11
"373","SMU","TCU",-5,45.6956741715153,-2.5,-93,-140.5,-1.5,-48,-1,-0.018,-2,-133,-197,-2.9,-60,0,-0.0708708708708711,6,190,64,4,-17
"374","TCU","SMU",5,-45.6956741715153,2.5,93,140.5,1.5,48,1,0.018,2,133,197,2.9,60,0,0.0708708708708711,-6,-230,64,4,17
"375","Memphis","Missouri",16,55.7147327249022,0.833,37.667,4.16699999999997,-2.567,-15.667,0.667,-0.024,2,116,-22,-3.7,-14,2,0.0182539682539681,6.5,225,53,4,-7
"376","Missouri","Memphis",-16,-55.7147327249022,-0.833,-37.667,-4.16699999999997,2.567,15.667,-0.667,0.024,-2,-116,22,3.7,14,-2,-0.0182539682539681,-6.5,-275,53,4,7
"377","James Madison","Utah State",-46,3.4983541803819,1,43.5,27,1.65,-6,-1.5,0.055,0,36,-12,0.600000000000001,23,-2,0.120879120879121,-6.5,-230,53.5,4,7
"378","Utah State","James Madison",46,-3.4983541803819,-1,-43.5,-27,-1.65,6,1.5,-0.055,0,-36,12,-0.600000000000001,-23,2,-0.120879120879121,6.5,190,53.5,4,-7
"379","San Diego State","Boise State",25,0,-0.167,-59.833,-92,-0.333,0,0.167,0.105,1,-103,-58,0.2,-34,0,0.106481481481482,7,225,45.5,4,-3
"380","Boise State","San Diego State",-25,0,0.167,59.833,92,0.333,0,-0.167,-0.105,-1,103,58,-0.2,34,0,-0.106481481481482,-7,-275,45.5,4,3
"381","Middle Tennessee","Colorado State",17,19.3200859291085,0,1.5,-143,-1.9,-69,-3,-0.0720000000000001,0,-31,-214,-2.4,-140,-4,-0.118055555555556,-2,-130,53,4,-8
"382","Colorado State","Middle Tennessee",-17,-19.3200859291085,0,-1.5,143,1.9,69,3,0.0720000000000001,0,31,214,2.4,140,4,0.118055555555556,2,110,53,4,8
"383","Appalachian State","Wyoming",50,3.4983541803819,1,58.5,174,2.7,25,0,-0.0189999999999999,2,69,174,3.4,-5,1,-0.020935960591133,1.5,110,44,4,-3
"384","Wyoming","Appalachian State",-50,-3.4983541803819,-1,-58.5,-174,-2.7,-25,0,0.0189999999999999,-2,-69,-174,-3.4,5,-1,0.020935960591133,-1.5,-130,44,4,3
"385","UMass","New Mexico",8,14.9115646258504,0.667,-26.333,-14.667,2.567,22.333,1,0.08,0,-30,63,2,26,3,0.048155096935585,-1,-130,49.5,4,-3
"386","New Mexico","UMass",-8,-14.9115646258504,-0.667,26.333,14.667,-2.567,-22.333,-1,-0.08,0,30,-63,-2,-26,-3,-0.048155096935585,1,110,49.5,4,3
"387","San José State","Air Force",80,0,-2,-196,-25.667,-7.517,-9.333,0.167,0.0259999999999999,-4,-304,-160,-15.6,-29,1,-0.178571428571429,4,160,47,4,-25
"388","Air Force","San José State",-80,0,2,196,25.667,7.517,9.333,-0.167,-0.0259999999999999,4,304,160,15.6,29,-1,0.178571428571429,-4,-185,47,4,25
"389","UTEP","UNLV",54,19.3200859291085,-2.75,-38,-39,1.025,10.25,-0.25,0.03,-2,-78,-71,0.6,-4,-1,-0.053281853281854,-3,120,50.5,4,-17
"390","UNLV","UTEP",-54,-19.3200859291085,2.75,38,39,-1.025,-10.25,0.25,-0.03,2,78,71,-0.6,4,1,0.053281853281854,3,-140,50.5,4,17
"391","Texas State","Nevada",-66,3.4983541803819,0,0,0,0,0,0,0,0,0,0,0,0,0,0,-16.5,-800,62,4,11
"392","Nevada","Texas State",66,-3.4983541803819,0,0,0,0,0,0,0,0,0,0,0,0,0,0,16.5,525,62,4,-11
"393","New Mexico State","Hawai'i",-20,19.3200859291085,1.5,192.25,93.5,3.575,-27.25,0.5,-0.026,1,182,47,8,-38,0,0.10062893081761,3,120,58.5,4,-3
"394","Hawai'i","New Mexico State",20,-19.3200859291085,-1.5,-192.25,-93.5,-3.575,27.25,-0.5,0.026,-1,-182,-47,-8,38,0,-0.10062893081761,-3,-140,58.5,4,3
"395","Maryland","Michigan State",-54,0,2,91,162,2.5,-9.5,0.5,0.191,3,66,200,5.5,-3,-1,0.233333333333333,-6,-220,53,4,22
"396","Michigan State","Maryland",54,0,-2,-91,-162,-2.5,9.5,-0.5,-0.191,-3,-66,-200,-5.5,3,1,-0.233333333333333,6,180,53,4,-22
"397","Michigan","Rutgers",-52,0,0,0,0,0,0,0,0,0,0,0,0,0,0,0,-26,-2800,45,4,24
"398","Rutgers","Michigan",52,0,0,0,0,0,0,0,0,0,0,0,0,0,0,0,26,1100,45,4,-24
"399","Iowa","Penn State",24,0,-0.333,-3.667,-128.5,-2.667,-19.167,1,-0.0659999999999999,1,90,4,0.0999999999999996,-65,2,0.040540540540541,14,400,42,4,-31
"400","Penn State","Iowa",-24,0,0.333,3.667,128.5,2.667,19.167,-1,0.0659999999999999,-1,-90,-4,-0.0999999999999996,65,-2,-0.040540540540541,-14,-575,42,4,31
"401","Purdue","Wisconsin",41,0,-1,-81.333,-43,0.633,20.667,-0.334,-0.035,-3,-127,-48,-0.9,39,4,0.0504908835904621,7,220,54,4,-21
"402","Wisconsin","Purdue",-41,0,1,81.333,43,-0.633,-20.667,0.334,0.035,3,127,48,0.9,-39,-4,-0.0504908835904621,-7,-270,54,4,21
"403","Northwestern","Minnesota",15,0,0.333,-73.667,-36,0.8,1.334,-0.667,0.069,0,-66,-36,-0.300000000000001,-17,-1,0.183333333333333,13,350,39,4,3
"404","Minnesota","Northwestern",-15,0,-0.333,73.667,36,-0.8,-1.334,0.667,-0.069,0,66,36,0.300000000000001,17,1,-0.183333333333333,-13,-480,39,4,-3
"405","Louisiana Tech","Nebraska",43,43.7600619195046,0,-90,43.3339999999999,1.967,-7.667,-1.667,0.124,-1,-9,50,2.4,-29,0,0.041666666666667,19.5,625,48.5,4,-14
"406","Nebraska","Louisiana Tech",-43,-43.7600619195046,0,90,-43.3339999999999,-1.967,7.667,1.667,-0.124,1,9,-50,-2.4,29,0,-0.041666666666667,-19.5,-1000,48.5,4,14
"407","Florida Atlantic","Illinois",14,38.5468594217348,-0.833,-79,-117.333,-2.833,-6.333,0.333,-0.085,0,21,-61,-2,13,-1,0.018774703557312,12,410,49,4,-6
"408","Illinois","Florida Atlantic",-14,-38.5468594217348,0.833,79,117.333,2.833,6.333,-0.333,0.085,0,-21,61,2,-13,1,-0.018774703557312,-12,-585,49,4,6
"409","Rice","South Florida",7,0,2,-206.5,68,5.5,-32,-0.5,0.196,3,-108,206,6.4,-2,0,0.166666666666667,-2,-125,55.5,4,-13
"410","South Florida","Rice",-7,0,-2,206.5,-68,-5.5,32,0.5,-0.196,-3,108,-206,-6.4,2,0,-0.166666666666667,2,105,55.5,4,13
"411","Troy","Western Kentucky",-13,-15.8217317487266,-1,-75.5,-71.5,0.5,-8.5,-0.5,-0.0109999999999999,0,-92,36,2,16,-3,-0.020624303232999,-3,-150,57,4,3
"412","Western Kentucky","Troy",13,15.8217317487266,1,75.5,71.5,-0.5,8.5,0.5,0.0109999999999999,0,92,-36,-2,-16,3,0.020624303232999,3,130,57,4,-3
"413","Liberty","Florida International",-58,0,-0.083,116.833,153.417,2.633,12.083,-1.083,0.0579999999999999,1,145,205,1.4,25,0,-0.00383141762452199,-13,-410,54,4,32
"414","Florida International","Liberty",58,0,0.083,-116.833,-153.417,-2.633,-12.083,1.083,-0.0579999999999999,-1,-145,-205,-1.4,-25,0,0.00383141762452199,13,305,54,4,-32
"415","Stanford","Arizona",57,0,0.5,16,-110,-2.05,16,-1.5,-0.195,0,-35,-195,-3.8,6,2,-0.38125,10,290,59,4,-1
"416","Arizona","Stanford",-57,0,-0.5,-16,110,2.05,-16,1.5,0.195,0,35,195,3.8,-6,-2,0.38125,-10,-380,59,4,1
"417","Washington","California",-60,0,-2,-109.5,162.5,6.45,32.5,-2,0.119,0,64,440,9.5,65,-2,0.190958164642376,-21.5,-1500,63,4,27
"418","California","Washington",60,0,2,109.5,-162.5,-6.45,-32.5,2,-0.119,0,-64,-440,-9.5,-65,2,-0.190958164642376,21.5,775,63,4,-27
"419","Utah","UCLA",3,0,1,-39,-160,-3.1,-24,-2,-0.0459999999999999,0,-30,-173,-4.3,-30,-1,-0.159151193633952,-5,-240,51,4,7
"420","UCLA","Utah",-3,0,-1,39,160,3.1,24,2,0.0459999999999999,0,30,173,4.3,30,1,0.159151193633952,5,200,51,4,-7
"421","Oregon","Colorado",-37,0,-0.333,52,-7,-0.9,56.667,-1.333,-0.054,1,43,54,0.799999999999999,37,-2,-0.081237911025145,-16.5,-1200,71.5,4,36
"422","Colorado","Oregon",37,0,0.333,-52,7,0.9,-56.667,1.333,0.054,-1,-43,-54,-0.799999999999999,-37,2,0.081237911025145,16.5,700,71.5,4,-36
"423","Washington State","Oregon State",2,0,-0.5,-106,-29.5,-1.4,-22,0,0.078,-1,-105,-142,-2.2,12,-2,0.180392156862745,2.5,110,55.5,4,3
"424","Oregon State","Washington State",-2,0,0.5,106,29.5,1.4,22,0,-0.078,1,105,142,2.2,-12,2,-0.180392156862745,-2.5,-130,55.5,4,-3
"425","Georgia State","Coastal Carolina",-22,0,2,100.833,90,1.817,20,-1.167,0.044,0,-29,169,4.9,53,0,0.094043887147335,6.5,200,61,4,13
"426","Coastal Carolina","Georgia State",22,0,-2,-100.833,-90,-1.817,-20,1.167,-0.044,0,29,-169,-4.9,-53,0,-0.094043887147335,-6.5,-240,61,4,-13
"427","Southern Mississippi","Arkansas State",13,0,0.667,38.667,84.667,1.45,-13.833,-1.833,0.043,0,-29,-18,1.2,20,-4,0.022238163558106,-5,-230,48.5,4,-7
"428","Arkansas State","Southern Mississippi",-13,0,-0.667,-38.667,-84.667,-1.45,13.833,1.833,-0.043,0,29,18,-1.2,-20,4,-0.022238163558106,5,190,48.5,4,7
"429","Sam Houston State","Houston",-86,50.9088766692851,-1.333,-71.333,-215.167,-2.633,-7,0.5,-0.00599999999999989,0,-5,-186,-3.3,-35,-2,0.085714285714285,14,330,39,4,-31
"430","Houston","Sam Houston State",86,-50.9088766692851,1.333,71.333,215.167,2.633,7,-0.5,0.00599999999999989,0,5,186,3.3,35,2,-0.085714285714285,-14,-440,39,4,31
"431","Duke","Notre Dame",-5,-45.9928926794599,2,1.333,-22.667,-1.867,-7.666,0.334,-0.0599999999999999,2,-102,-29,0.3,9,0,-0.003529411764706,6.5,180,51.5,5,-7
"432","Notre Dame","Duke",5,45.9928926794599,-2,-1.333,22.667,1.867,7.666,-0.334,0.0599999999999999,-2,102,29,-0.3,-9,0,0.003529411764706,-6.5,-220,51.5,5,7
"433","Auburn","Georgia",41,0,-3,-49,-243,-3.75,15,2,-0.281,-3,-45,-258,-5.3,19,0,-0.380124223602484,18,475,47,5,-7
"434","Georgia","Auburn",-41,0,3,49,243,3.75,-15,-2,0.281,3,45,258,5.3,-19,0,0.380124223602484,-18,-700,47,5,7
"435","Kentucky","Florida",-11,0,1.333,25.333,26.3339999999999,0.4,30.333,1,-0.218,3,24,-30,-4.2,71,0,-0.352323838080959,-3,-140,46,5,19
"436","Florida","Kentucky",11,0,-1.333,-25.333,-26.3339999999999,-0.4,-30.333,-1,0.218,-3,-24,30,4.2,-71,0,0.352323838080959,3,120,46,5,-19
"437","South Carolina","Tennessee",27,0,-0.333,-136.5,-85.5,2.517,-11.833,0,0.164,-2,-159,-80,8.1,-5,0,0.354545454545455,11,355,62.5,5,-21
"438","Tennessee","South Carolina",-27,0,0.333,136.5,85.5,-2.517,11.833,0,-0.164,2,159,80,-8.1,5,0,-0.354545454545455,-11,-490,62.5,5,21
"439","Missouri","Vanderbilt",-66,0,1,67.5,64.25,3.05,-9,-2.25,0.163,0,104,214,8.7,-38,-3,0.294468085106383,-12,-550,56.5,5,17
"440","Vanderbilt","Missouri",66,0,-1,-67.5,-64.25,-3.05,9,2.25,-0.163,0,-104,-214,-8.7,38,3,-0.294468085106383,12,390,56.5,5,-17
"441","Mississippi State","Alabama",47,0,0.333,-56.667,-0.333999999999946,-0.499999999999999,-2,-0.333,0.013,1,-99,163,-0.6,-12,1,-0.18452380952381,15,430,48.5,5,-23
"442","Alabama","Mississippi State",-47,0,-0.333,56.667,0.333999999999946,0.499999999999999,2,0.333,-0.013,-1,99,-163,0.6,12,-1,0.18452380952381,-15,-625,48.5,5,23
"443","LSU","Ole Miss",7,0,-0.666,7,94.6660000000001,0.167,-9.666,0.333,0.123,-1,133,208,4.2,-18,0,0.10632183908046,-2.5,-150,63.5,5,-6
"444","Ole Miss","LSU",-7,0,0.666,-7,-94.6660000000001,-0.167,9.666,-0.333,-0.123,1,-133,-208,-4.2,18,0,-0.10632183908046,2.5,130,63.5,5,6
"445","Texas A&M","Arkansas",-39,0,0.333,15,54.333,-1.133,-41.666,0,-0.0589999999999999,1,72,-24,-1.6,-19,-1,-0.07741935483871,-6.5,-250,55.5,5,12
"446","Arkansas","Texas A&M",39,0,-0.333,-15,-54.333,1.133,41.666,0,0.0589999999999999,-1,-72,24,1.6,19,1,0.07741935483871,6.5,210,55.5,5,-12
"447","Kent State","Miami (OH)",70,0,0.667,23.667,-108.667,-4,18.333,-1.667,-0.029,0,8,-127,-5.1,30,-2,-0.066666666666667,15.5,430,51.5,5,-20
"448","Miami (OH)","Kent State",-70,0,-0.667,-23.667,108.667,4,-18.333,1.667,0.029,0,-8,127,5.1,-30,2,0.066666666666667,15.5,-625,51.5,5,20
"449","Buffalo","Akron",-15,0,0,0.332999999999998,20,-0.267,-11.334,-0.334,-0.056,1,-85,-101,0.8,-56,-1,-0.076623376623377,1.5,120,56,5,3
"450","Akron","Buffalo",15,0,0,-0.332999999999998,-20,0.267,11.334,0.334,0.056,-1,85,101,-0.8,56,1,0.076623376623377,-1.5,-140,56,5,-3
"451","Northern Illinois","Toledo",51,0,-0.334,-108.333,-150.666,-2,-41.666,-1,-0.0489999999999999,-2,-102,-202,-5.1,-57,-1,0.00287356321839094,14,375,50,5,-2
"452","Toledo","Northern Illinois",-51,0,0.334,108.333,150.666,2,41.666,1,0.0489999999999999,2,102,202,5.1,57,1,-0.00287356321839094,-14,-525,50,5,2
"453","Ball State","Western Michigan",4,0,-0.833,-93.5,-70.667,0.517,-45.5,0,0.113,-3,-193,-196,-0.8,-25,-2,-0.017241379310345,1,-105,53,5,-18
"454","Western Michigan","Ball State",-4,0,0.833,93.5,70.667,-0.517,45.5,0,-0.113,3,193,196,0.8,25,2,0.017241379310345,-1,-115,53,5,18
"455","Central Michigan","Eastern Michigan",-13,0,1.667,6.667,62,1.3,-10.833,-1.167,0.117,4,68,203,4.1,15,-3,0.196885428253615,-6,-300,47.5,5,3
"456","Eastern Michigan","Central Michigan",13,0,-1.667,-6.667,-62,-1.3,10.833,1.167,-0.117,-4,-68,-203,-4.1,-15,3,-0.196885428253615,6,250,47.5,5,-3
"457","Virginia","Boston College",37,0,0,-69.333,-21.6660000000001,3.2,-30,1.666,0.137,-1,-19,-43,1.8,8,2,0.08780487804878,2,135,56,5,-3
"458","Boston College","Virginia",-37,0,0,69.333,21.6660000000001,-3.2,30,-1.666,-0.137,1,19,43,-1.8,-8,-2,-0.08780487804878,-2,-160,56,5,3
"459","Syracuse","Clemson",11,0,2,20,45.333,2.1,44,-1,0.01,0,12,-26,2,15,0,0.149797570850203,7.5,220,52.5,5,-17
"460","Clemson","Syracuse",-11,0,-2,-20,-45.333,-2.1,-44,1,-0.01,0,-12,26,-2,-15,0,-0.149797570850203,-7.5,-270,52.5,5,17
"461","Louisville","NC State",-33,0,0.333,57.667,150.334,6.534,12.667,-0.666,0.136,2,55,263,12.7,-12,-1,0.373271889400922,-3,-170,55.5,5,3
"462","NC State","Louisville",33,0,-0.333,-57.667,-150.334,-6.534,-12.667,0.666,-0.136,-2,-55,-263,-12.7,12,1,-0.373271889400922,3,145,55.5,5,-3
"463","Pittsburgh","Virginia Tech",1,0,-0.333,0.417000000000002,-69,-1.275,9.083,1.083,-0.128,0,-71,-36,1.4,14,2,0.00259740259740193,-2,-130,42.5,5,-17
"464","Virginia Tech","Pittsburgh",-1,0,0.333,-0.417000000000002,69,1.275,-9.083,-1.083,0.128,0,71,36,-1.4,-14,-2,-0.00259740259740193,2,110,42.5,5,17
"465","Bowling Green","Georgia Tech",58,54.3210312075985,-0.333,-20.167,-177.833,-4.483,50.5,3.5,-0.183,0,-56,-169,-4.7,-19,3,-0.0764635603345281,20,700,54.5,5,11
"466","Georgia Tech","Bowling Green",-58,-54.3210312075985,0.333,20.167,177.833,4.483,-50.5,-3.5,0.183,0,56,169,4.7,19,-3,0.0764635603345281,-20,-1200,54.5,5,-11
"467","UCF","Baylor",-19,0,0.333,104.167,59.167,3.25,18.833,0.333,0.083,1,83,42,4.8,59,1,0.012830188679245,-12,-450,56,5,-1
"468","Baylor","UCF",19,0,-0.333,-104.167,-59.167,-3.25,-18.833,-0.333,-0.083,-1,-83,-42,-4.8,-59,-1,-0.012830188679245,12,335,56,5,1
"469","Iowa State","Oklahoma",45,0,-1.75,-74.5,-198.5,-2.875,-19,0,-0.109,0,-29,-3,0.699999999999999,-13,-1,0.026315789473685,21,725,48.5,5,-30
"470","Oklahoma","Iowa State",-45,0,1.75,74.5,198.5,2.875,19,0,0.109,0,29,3,-0.699999999999999,13,1,-0.026315789473685,-21,-1300,48.5,5,30
"471","Kansas","Texas",17,0,-1,86.5,20.667,-1.3,18.667,0,0.092,-4,46,-152,-6.3,50,-2,-0.023157894736842,18.5,525,62,5,-26
"472","Texas","Kansas",-17,0,1,-86.5,-20.667,1.3,-18.667,0,-0.092,4,-46,152,6.3,-50,2,0.023157894736842,-18.5,-800,62,5,26
"473","Houston","Texas Tech",37,0,1.083,-14.583,-7.41699999999997,0.825,-20.667,-0.917,0.0659999999999999,3,26,217,4.7,-1,0,0.413067552602436,10,295,56,5,-21
"474","Texas Tech","Houston",-37,0,-1.083,14.583,7.41699999999997,-0.825,20.667,0.917,-0.0659999999999999,-3,-26,-217,-4.7,1,0,-0.413067552602436,-10,-390,56,5,21
"475","West Virginia","TCU",-13,0,-1,-83.334,-262.334,-2.367,-24.667,-0.333,-0.0730000000000001,0,-35,-201,-3.5,-28,2,-0.136363636363636,10,325,51,5,3
"476","TCU","West Virginia",13,0,1,83.334,262.334,2.367,24.667,0.333,0.0730000000000001,0,35,201,3.5,28,-2,0.136363636363636,-10,-435,51,5,-3
"477","Connecticut","Utah State",37,14.9115646258504,0.667,28.667,-90.75,-1.392,-3.917,-0.5,-0.086,0,-9,-297,-4.1,-31,-1,-0.086734693877551,6,165,51,5,-1
"478","Utah State","Connecticut",-37,-14.9115646258504,-0.667,-28.667,90.75,1.392,3.917,0.5,0.086,0,9,297,4.1,31,1,0.086734693877551,-6,-195,51,5,1
"479","Memphis","Boise State",-28,14.1068834313387,0.334,-43,2.33399999999995,0.100000000000001,0.667000000000002,0.333,0.169,-3,-158,-4,-0.7,4,2,0.114119922630561,-1,-170,60,5,3
"480","Boise State","Memphis",28,-14.1068834313387,-0.334,43,-2.33399999999995,-0.100000000000001,-0.667000000000002,-0.333,-0.169,3,158,4,0.7,-4,-2,-0.114119922630561,1,145,60,5,-3
"481","San Diego State","Air Force",70,0,-3,-216.083,-35.833,-5.483,-9.75,1.417,-0.0609999999999999,-3,-234,11,-2.1,-20,2,-0.260869565217391,10,320,43,5,-39
"482","Air Force","San Diego State",-70,0,3,216.083,35.833,5.483,9.75,-1.417,0.0609999999999999,3,234,-11,2.1,20,-2,0.260869565217391,-10,-430,43,5,39
"483","Nevada","Fresno State",97,0,1,49.667,-97,-2.367,-13,2.667,-0.0429999999999999,0,16,-160,-5,10,3,-0.0980392156862741,23,1000,54,5,-18
"484","Fresno State","Nevada",-97,0,-1,-49.667,97,2.367,13,-2.667,0.0429999999999999,0,-16,160,5,-10,-3,0.0980392156862741,-23,-2200,54,5,18
"485","Hawai'i","UNLV",47,0,-3.666,-189.667,-70,1.167,-2.333,-0.667,0.0970000000000001,-5,-209,-154,-0.4,-71,0,0.147147147147147,10,330,61,5,-24
"486","UNLV","Hawai'i",-47,0,3.666,189.667,70,-1.167,2.333,0.667,-0.0970000000000001,5,209,154,0.4,71,0,-0.147147147147147,-10,-440,61,5,24
"487","Iowa","Michigan State",-49,0,0.25,24.5,-102.167,-1.617,-52.25,-0.25,-0.021,0,-82,-300,-2.7,-42,-1,-0.215909090909091,-10,-470,36,5,10
"488","Michigan State","Iowa",49,0,-0.25,-24.5,102.167,1.617,52.25,0.25,0.021,0,82,300,2.7,42,1,0.215909090909091,10,345,36,5,-10
"489","Indiana","Maryland",70,0,-2,-93.333,-187,-1.8,-11.667,0,-0.111,0,-47,-80,1.1,0,1,-0.16025641025641,14.5,430,50,5,-27
"490","Maryland","Indiana",-70,0,2,93.333,187,1.8,11.667,0,0.111,0,47,80,-1.1,0,-1,0.16025641025641,-14.5,-625,50,5,27
"491","Nebraska","Michigan",63,0,-0.25,33.75,-55.75,-4.225,37,2.25,-0.187,1,111,4,-4.3,37,0,-0.26984126984127,0,575,40.5,5,-38
"492","Michigan","Nebraska",-63,0,0.25,-33.75,55.75,4.225,-37,-2.25,0.187,-1,-111,-4,4.3,-37,0,0.26984126984127,0,-900,40.5,5,38
"493","Northwestern","Penn State",85,0,-0.083,-77,-81.583,-0.475000000000001,-0.5,1,-0.001,1,-123,95,3.2,42,1,0.0166666666666669,25.5,1100,46,5,-28
"494","Penn State","Northwestern",-85,0,0.083,77,81.583,0.475000000000001,0.5,-1,0.001,-1,123,-95,-3.2,-42,-1,-0.0166666666666669,-25.5,-3300,46,5,28
"495","Purdue","Illinois",-13,0,0.75,-3.5,2.5,-0.5,1.5,-0.75,-0.035,0,-13,-114,-3.1,1,1,-0.141812865497076,-1.5,-115,53.5,5,25
"496","Illinois","Purdue",13,0,-0.75,3.5,-2.5,0.5,-1.5,0.75,0.035,0,13,114,3.1,-1,-1,0.141812865497076,1.5,-105,53.5,5,-25
"497","Arkansas State","UMass",-19,-11.4132104454685,-0.833,-43.667,-125.833,-2.625,-21.417,0.5,-0.09,1,-5,-70,-0.800000000000001,-60,1,-0.116190476190476,0,100,55.5,5,24
"498","UMass","Arkansas State",19,11.4132104454685,0.833,43.667,125.833,2.625,21.417,-0.5,0.09,-1,5,70,0.800000000000001,60,-1,0.116190476190476,0,-120,55.5,5,-24
"499","Navy","South Florida",21,0,-0.667,-25.167,-166.5,-1.267,-58.333,-1,-0.103,-1,137,-165,-8.3,-79,1,-0.258620689655172,-4,-185,53,5,-14
"500","South Florida","Navy",-21,0,0.667,25.167,166.5,1.267,58.333,1,0.103,1,-137,165,8.3,79,-1,0.258620689655172,4,160,53,5,14
"501","Rice","East Carolina",-7,0,0.5,-77.5,226.5,5.2,-56.5,-1.5,0.175,-2,-78,252,4.9,-39,-3,0.104242424242424,-5.5,-145,51.5,5,7
"502","East Carolina","Rice",7,0,-0.5,77.5,-226.5,-5.2,56.5,1.5,-0.175,2,78,-252,-4.9,39,3,-0.104242424242424,5.5,125,51.5,5,-7
"503","Temple","Tulsa",23,0,-0.667,-80.333,23.5,-0.782999999999999,3.333,-2.333,0,-2,-168,-2,1.3,8,0,0.147619047619048,4.5,145,54.5,5,-22
"504","Tulsa","Temple",-23,0,0.667,80.333,-23.5,0.782999999999999,-3.333,2.333,0,2,168,2,-1.3,-8,0,-0.147619047619048,-4.5,-170,54.5,5,22
"505","Charlotte","SMU",80,0,0,-64.333,-119.666,1,25.333,0,0.075,-1,-80,-205,-2.1,28,-2,0.102857142857143,23,850,56.5,5,-18
"506","SMU","Charlotte",-80,0,0,64.333,119.666,-1,-25.333,0,-0.075,1,80,205,2.1,-28,2,-0.102857142857143,-23,-1800,56.5,5,18
"507","UAB","Tulane",70,0,1.666,-2,79.667,-4.034,24.334,0.333,0.145,1,-12,82,-2.4,63,2,0.078947368421053,20,750,57,5,-12
"508","Tulane","UAB",-70,0,-1.666,2,-79.667,4.034,-24.334,-0.333,-0.145,-1,12,-82,2.4,-63,-2,-0.078947368421053,-20,-1400,57,5,12
"509","Middle Tennessee","Western Kentucky",43,0,-0.5,37,11.833,0.0829999999999993,20.167,-1,0.0900000000000001,0,138,142,-0.100000000000001,44,0,0.131707317073171,8,185,60,5,-21
"510","Western Kentucky","Middle Tennessee",-43,0,0.5,-37,-11.833,-0.0829999999999993,-20.167,1,-0.0900000000000001,0,-138,-142,0.100000000000001,-44,0,-0.131707317073171,-8,-225,60,5,21
"511","UTEP","Louisiana Tech",20,0,-0.05,45.05,-20.7,-0.324999999999999,6.09999999999999,0.75,-0.0780000000000001,2,45,-22,0.3,-26,2,-0.191244239631337,1,-110,52.5,5,-14
"512","Louisiana Tech","UTEP",-20,0,0.05,-45.05,20.7,0.324999999999999,-6.09999999999999,-0.75,0.0780000000000001,-2,-45,22,-0.3,26,-2,0.191244239631337,-1,-110,52.5,5,14
"513","California","Arizona State",-31,0,2.5,128.333,232.5,1.35,8.333,-1.833,0.105,2,97,272,2.8,-20,-5,0.127497062279671,-11.5,-440,50.5,5,3
"514","Arizona State","California",31,0,-2.5,-128.333,-232.5,-1.35,-8.333,1.833,-0.105,-2,-97,-272,-2.8,20,5,-0.127497062279671,11.5,330,50.5,5,-3
"515","Washington","Arizona",-49,0,0.334,-28.333,162,4.733,42.666,-1.333,0.039,0,-5,180,5.4,47,1,0.11875,-18.5,-900,69.5,5,7
"516","Arizona","Washington",49,0,-0.334,28.333,-162,-4.733,-42.666,1.333,-0.039,0,5,-180,-5.4,-47,-1,-0.11875,18.5,575,69.5,5,-7
"517","Oregon","Stanford",-104,0,0.333,16.833,126,1.417,46.667,-0.5,0.24,1,128,164,0.399999999999999,35,1,0.294642857142857,-27,-4000,61,5,36
"518","Stanford","Oregon",104,0,-0.333,-16.833,-126,-1.417,-46.667,0.5,-0.24,-1,-128,-164,-0.399999999999999,-35,-1,-0.294642857142857,27,1200,61,5,-36
"519","Colorado","USC",34,0,-2.5,-114.25,-128,-2.275,6,1,0,-4,-140,-374,-6.1,21,0,-0.136363636363636,27,750,73.5,5,-7
"520","USC","Colorado",-34,0,2.5,114.25,128,2.275,-6,-1,0,4,140,374,6.1,-21,0,0.136363636363636,-27,-1400,73.5,5,7
"521","Utah","Oregon State",4,0,-1.667,-66.333,-174,-1.733,-7,-0.333,-0.0359999999999999,-4,-140,-221,1.1,-1,0,0.029411764705882,1,130,45.5,5,-14
"522","Oregon State","Utah",-4,0,1.667,66.333,174,1.733,7,0.333,0.0359999999999999,4,140,221,-1.1,1,0,-0.029411764705882,-1,-150,45.5,5,14
"523","South Alabama","James Madison",33,0,0.334,21.333,-44,-0.0999999999999996,6,0,-0.001,0,3,-107,-1.3,14,-5,-0.0468409586056641,5,140,52,5,-8
"524","James Madison","South Alabama",-33,0,-0.334,-21.333,44,0.0999999999999996,-6,0,0.001,0,-3,107,1.3,-14,5,0.0468409586056641,-5,-165,52,5,8
"525","Old Dominion","Marshall",31,0,-2.5,-38.5,-88.5,-1.35,1,1,-0.125,-2,-147,-80,2.5,5,0,-0.185185185185186,13,410,46.5,5,-6
"526","Marshall","Old Dominion",-31,0,2.5,38.5,88.5,1.35,-1,-1,0.125,2,147,80,-2.5,-5,0,0.185185185185186,-13,-585,46.5,5,6
"527","Coastal Carolina","Georgia Southern",15,0,-0.666,-21,-100.333,0.333,10,-1.667,-0.0569999999999999,0,-60,-128,-0.3,53,0,-0.100952380952381,5,190,62.5,5,-10
"528","Georgia Southern","Coastal Carolina",-15,0,0.666,21,100.333,-0.333,-10,1.667,0.0569999999999999,0,60,128,0.3,-53,0,0.100952380952381,-5,-230,62.5,5,10
"529","Louisiana Monroe","Appalachian State",36,0,-1.167,-53,-198.667,-2.317,8.333,-0.667,-0.131,0,-90,-195,0.6,40,-2,-0.197058823529412,13.5,390,53.5,5,-1
"530","Appalachian State","Louisiana Monroe",-36,0,1.167,53,198.667,2.317,-8.333,0.667,0.131,0,90,195,-0.6,-40,2,0.197058823529412,-13.5,-550,53.5,5,1
"531","Troy","Georgia State",-5,0,-2.083,-114.583,-64.083,-1.467,-14.167,1.5,-0.104,0,-10,148,2.9,5,2,0.073015873015873,3.5,-105,52,5,21
"532","Georgia State","Troy",5,0,2.083,114.583,64.083,1.467,14.167,-1.5,0.104,0,10,-148,-2.9,-5,-2,-0.073015873015873,-3.5,-115,52,5,-21
"533","Southern Mississippi","Texas State",57,0,-1.333,-20.5,-79,-2.433,7.5,-0.667,-0.14,-1,-42,-125,-3.3,-34,-1,-0.256944444444444,7.5,215,62.5,5,-14
"534","Texas State","Southern Mississippi",-57,0,1.333,20.5,79,2.433,-7.5,0.667,0.14,1,42,125,3.3,34,1,0.256944444444444,-7.5,-260,62.5,5,14
"535","Cincinnati","BYU",32,0,-0.167,148.75,186.667,2.425,13.75,0.167,0.0740000000000001,-1,132,10,-1.4,-10,-1,-0.064425770308123,3,115,50,5,-8
"536","BYU","Cincinnati",-32,0,0.167,-148.75,-186.667,-2.425,-13.75,-0.167,-0.0740000000000001,1,-132,-10,1.4,10,1,0.064425770308123,-3,-135,50,5,8
"537","Sam Houston State","Jacksonville State",0,0,-2.417,-189.5,-207.333,-1.233,5.083,1.167,0.0329999999999999,-1,-243,-210,0.6,56,2,0.178489702517162,6,210,36.5,5,-7
"538","Jacksonville State","Sam Houston State",0,0,2.417,189.5,207.333,1.233,-5.083,-1.167,-0.0329999999999999,1,243,210,-0.6,-56,-2,-0.178489702517162,-6,-250,36.5,5,7
"539","Louisville","Notre Dame",-6,-45.9928926794599,-0.25,-17.75,38,2.2,7,1,0.004,-2,-139,-75,0.999999999999999,11,3,0.116129032258065,7,200,51.5,6,13
"540","Notre Dame","Louisville",6,45.9928926794599,0.25,17.75,-38,-2.2,-7,-1,-0.004,2,139,75,-0.999999999999999,-11,-3,-0.116129032258065,-7,-240,51.5,6,-13
"541","Kentucky","Georgia",21,0,0,36.25,-47.25,-0.949999999999999,19.25,0.5,-0.187,1,222,-22,-5.9,-5,-2,-0.223285486443381,14,460,47.5,6,-38
"542","Georgia","Kentucky",-21,0,0,-36.25,47.25,0.949999999999999,-19.25,-0.5,0.187,-1,-222,22,5.9,5,2,0.223285486443381,-14,-675,47.5,6,38
"543","Vanderbilt","Florida",57,0,0.05,-26.45,2.85000000000002,-0.654999999999999,-0.450000000000003,1.4,-0.229,1,-28,-13,0.300000000000001,-61,0,-0.188172043010752,18,625,53.5,6,-24
"544","Florida","Vanderbilt",-57,0,-0.05,26.45,-2.85000000000002,0.654999999999999,0.450000000000003,-1.4,0.229,-1,28,13,-0.300000000000001,61,0,0.188172043010752,-18,-1000,53.5,6,24
"545","Texas A&M","Alabama",17,0,0,8.5,105.25,-1.475,-7.5,0.75,0.015,-3,11,57,-5.1,0,3,-0.162087912087912,3,-105,49.5,6,-6
"546","Alabama","Texas A&M",-17,0,0,-8.5,-105.25,1.475,7.5,-0.75,-0.015,3,-11,-57,5.1,0,-3,0.162087912087912,-3,-115,49.5,6,6
"547","Arkansas","Ole Miss",53,0,-1.25,-75,-129.25,-1.15,-0.25,0.75,0.0680000000000001,-3,-275,-532,-2.2,-121,1,-0.137254901960785,11.5,340,62.5,6,-7
"548","Ole Miss","Arkansas",-53,0,1.25,75,129.25,1.15,0.25,-0.75,-0.0680000000000001,3,275,532,2.2,121,-1,0.137254901960785,-11.5,-460,62.5,6,7
"549","Western Michigan","Mississippi State",65,64.8475524475525,0.5,38,30.75,-0.275,23.5,0,-0.0649999999999999,2,-21,200,4.4,60,-3,0.059829059829059,20,775,56,6,-13
"550","Mississippi State","Western Michigan",-65,-64.8475524475525,-0.5,-38,-30.75,0.275,-23.5,0,0.0649999999999999,-2,21,-200,-4.4,-60,3,-0.059829059829059,-20,-1500,56,6,13
"551","Missouri","LSU",3,0,-0.4,-25,-82.35,0.199999999999999,10.1,-0.4,0.026,-2,-86,-105,-1.3,40,0,0.094351732991014,6,165,63.5,6,-10
"552","LSU","Missouri",-3,0,0.4,25,82.35,-0.199999999999999,-10.1,0.4,-0.026,2,86,105,1.3,-40,0,-0.094351732991014,-6,-195,63.5,6,10
"553","Bowling Green","Miami (OH)",50,0,1.167,58,-2.08300000000003,-5.15,62.083,1.75,-0.039,2,99,146,-1.4,93,0,0.158102766798419,11,305,48,6,-27
"554","Miami (OH)","Bowling Green",-50,0,-1.167,-58,2.08300000000003,5.15,-62.083,-1.75,0.039,-2,-99,-146,1.4,-93,0,-0.158102766798419,11,-410,48,6,27
"555","Kent State","Ohio",75,0,0.25,-42.75,-111.25,-0.575,24.75,-1.75,-0.051,0,-91,-122,-4.9,-15,-1,-0.242105263157895,26,1200,45.5,6,-25
"556","Ohio","Kent State",-75,0,-0.25,42.75,111.25,0.575,-24.75,1.75,0.051,0,91,122,4.9,15,1,0.242105263157895,-26,-4000,45.5,6,25
"557","Northern Illinois","Akron",-22,0,0.25,10.5,-4.75,0.15,-29.5,0,-0.086,1,69,191,3.4,20,0,-0.00115207373271908,-5,-185,44.5,6,41
"558","Akron","Northern Illinois",22,0,-0.25,-10.5,4.75,-0.15,29.5,0,0.086,-1,-69,-191,-3.4,-20,0,0.00115207373271908,5,160,44.5,6,-41
"559","UMass","Toledo",72,-8.32813852813861,-0.4,-97.85,-37,0.67,15.55,-0.85,0.014,-1,-149,-161,-7,50,0,-0.036842105263158,18.5,650,59.5,6,-17
"560","Toledo","UMass",-72,8.32813852813861,0.4,97.85,37,-0.67,-15.55,0.85,-0.014,1,149,161,7,-50,0,0.036842105263158,-18.5,-1100,59.5,6,17
"561","Eastern Michigan","Ball State",-16,0,0.417,74.417,-31.333,-2.108,4.833,-0.417,-0.098,2,107,-23,-1.3,-67,-1,0.0665280665280661,-3,-130,42.5,6,14
"562","Ball State","Eastern Michigan",16,0,-0.417,-74.417,31.333,2.108,-4.833,0.417,0.098,-2,-107,23,1.3,67,1,-0.0665280665280661,3,110,42.5,6,-14
"563","Buffalo","Central Michigan",16,0,-1,-22.25,-1.83300000000003,-1.558,-1.333,0.333,-0.0630000000000001,-2,-81,-157,-4.2,-23,-1,-0.171945701357466,3,125,57,6,24
"564","Central Michigan","Buffalo",-16,0,1,22.25,1.83300000000003,1.558,1.333,-0.333,0.0630000000000001,2,81,157,4.2,23,1,0.171945701357466,-3,-145,57,6,-24
"565","Virginia Tech","Florida State",84,0,-1.05,-21.35,-76.15,-1.32,6.5,0.45,-0.0620000000000001,1,177,116,4.2,31,1,0.064011379800853,24,1100,52.5,6,-22
"566","Florida State","Virginia Tech",-84,0,1.05,21.35,76.15,1.32,-6.5,-0.45,0.0620000000000001,-1,-177,-116,-4.2,-31,-1,-0.064011379800853,-24,-2800,52.5,6,22
"567","Army","Boston College",10,45.9928926794599,0.083,25.417,-65.667,1.833,-65.25,0.833,-0.083,0,-78,-116,-0.0999999999999996,-26,-2,-0.186813186813186,-3,-145,51,6,-3
"568","Boston College","Army",-10,-45.9928926794599,-0.083,-25.417,65.667,-1.833,65.25,-0.833,0.083,0,78,116,0.0999999999999996,26,2,0.186813186813186,3,125,51,6,3
"569","Wake Forest","Clemson",21,0,-1,14.75,24.75,1.475,-2.25,1,-0.027,-1,98,-3,-1.7,-39,4,-0.0882882882882891,21,775,51.5,6,-5
"570","Clemson","Wake Forest",-21,0,1,-14.75,-24.75,-1.475,2.25,-1,0.027,1,-98,3,1.7,39,-4,0.0882882882882891,-21,-1500,51.5,6,5
"571","Marshall","NC State",15,34.5796822339914,0.833,46.75,105,2.242,1.083,0.25,0.14,1,97,263,3.4,3,0,0.308571428571429,6.5,210,45.5,6,-7
"572","NC State","Marshall",-15,-34.5796822339914,-0.833,-46.75,-105,-2.242,-1.083,-0.25,-0.14,-1,-97,-263,-3.4,-3,0,-0.308571428571429,-6.5,-250,45.5,6,7
"573","Georgia Tech","Miami",27,0,-0.667,-74.417,-55.917,-1.658,-28,0.833,-0.108,-2,-254,-126,0.6,-19,3,-0.058378378378378,20.5,725,59,6,3
"574","Miami","Georgia Tech",-27,0,0.667,74.417,55.917,1.658,28,-0.833,0.108,2,254,126,-0.6,19,-3,0.058378378378378,-20.5,-1300,59,6,-3
"575","Syracuse","North Carolina",31,0,-0.25,3.25,-54,-1.2,37.25,0.25,-0.117,-3,23,-87,-3.9,63,3,-0.217204301075268,8.5,285,58,6,-33
"576","North Carolina","Syracuse",-31,0,0.25,-3.25,54,1.2,-37.25,-0.25,0.117,3,-23,87,3.9,-63,-3,0.217204301075268,-8.5,-370,58,6,33
"577","Kansas State","Oklahoma State",-16,0,1.75,66.917,103.5,1.583,9.667,-0.25,0.085,5,150,127,0.3,38,-1,0.163690476190476,-11.5,-460,54.5,6,-8
"578","Oklahoma State","Kansas State",16,0,-1.75,-66.917,-103.5,-1.583,-9.667,0.25,-0.085,-5,-150,-127,-0.3,-38,1,-0.163690476190476,11.5,340,54.5,6,8
"579","Texas Tech","Baylor",-30,0,0.25,56,-16.5,-1.525,24.75,-0.25,0.0169999999999999,1,86,-46,-1.3,-30,-1,0.018716577540107,-1.5,-120,60,6,25
"580","Baylor","Texas Tech",30,0,-0.25,-56,16.5,1.525,-24.75,0.25,-0.0169999999999999,-1,-86,46,1.3,30,1,-0.018716577540107,1.5,100,60,6,-25
"581","Texas","Oklahoma",3,0,0.3,42.65,-26.5,-0.710000000000001,-27.7,0.2,-0.107,2,179,138,-0.0999999999999996,-1,0,0.047619047619047,-6,-230,60,6,-4
"582","Oklahoma","Texas",-3,0,-0.3,-42.65,26.5,0.710000000000001,27.7,-0.2,0.107,-2,-179,-138,0.0999999999999996,1,0,-0.047619047619047,6,190,60,6,4
"583","TCU","Iowa State",-1,0,1.6,113.15,181.75,0.52,12.8,0,-0.02,1,-15,81,1.8,-2,-2,0.0474620962425849,-7,-250,51,6,-13
"584","Iowa State","TCU",1,0,-1.6,-113.15,-181.75,-0.52,-12.8,0,0.02,-1,15,-81,-1.8,2,2,-0.0474620962425849,7,210,51,6,13
"585","UCF","Kansas",34,0,0.333,9.667,85.3339999999999,2.667,18.334,1,-0.054,1,111,209,2.5,54,1,0.071428571428571,-3,-125,62,6,-29
"586","Kansas","UCF",-34,0,-0.333,-9.667,-85.3339999999999,-2.667,-18.334,-1,0.054,-1,-111,-209,-2.5,-54,-1,-0.071428571428571,3,105,62,6,29
"587","Colorado State","Utah State",16,0,-0.25,-34.917,24.583,-0.399999999999999,40.25,0.333,0.0659999999999999,0,-68,-38,-5.3,23,-1,-0.00378787878787801,-1,-145,64,6,-20
"588","Utah State","Colorado State",-16,0,0.25,34.917,-24.583,0.399999999999999,-40.25,-0.333,-0.0659999999999999,0,68,38,5.3,-23,1,0.00378787878787801,1,125,64,6,20
"589","San José State","Boise State",35,0,0,-71.75,-100.5,-1.975,4.25,0,0.0639999999999999,1,-29,-165,-3.1,28,1,0.0804511278195491,9.5,275,57.5,6,-8
"590","Boise State","San José State",-35,0,0,71.75,100.5,1.975,-4.25,0,-0.0639999999999999,-1,29,165,3.1,-28,-1,-0.0804511278195491,-9.5,-350,57.5,6,8
"591","Fresno State","Wyoming",2,0,-0.667,-50.417,167,4.375,8.083,-0.583,0.233,-1,-36,202,5.8,-30,1,0.431372549019608,-6,-220,46,6,-5
"592","Wyoming","Fresno State",-2,0,0.667,50.417,-167,-4.375,-8.083,0.583,-0.233,1,36,-202,-5.8,30,-1,-0.431372549019608,6,180,46,6,5
"593","Maryland","Ohio State",23,0,-0.0830000000000002,-2.417,20.25,0.266999999999999,10.083,-0.25,0.004,-1,-6,106,4.1,-20,0,0.153250773993809,18,700,55,6,-20
"594","Ohio State","Maryland",-23,0,0.0830000000000002,2.417,-20.25,-0.266999999999999,-10.083,0.25,-0.004,1,6,-106,-4.1,20,0,-0.153250773993809,-18,-1200,55,6,20
"595","Wisconsin","Rutgers",-23,0,1.25,24.5,103.5,0.325,19.5,0.75,0.166,4,118,131,-1.7,40,0,0.119047619047619,-13.5,-525,46.5,6,11
"596","Rutgers","Wisconsin",23,0,-1.25,-24.5,-103.5,-0.325,-19.5,-0.75,-0.166,-4,-118,-131,1.7,-40,0,-0.119047619047619,13.5,375,46.5,6,-11
"597","Minnesota","Michigan",77,0,-1.25,-33.75,-84.5,-2.95,22.5,1.25,-0.126,-1,-5,-39,0,59,0,0.0411899313501149,20,750,46,6,-42
"598","Michigan","Minnesota",-77,0,1.25,33.75,84.5,2.95,-22.5,-1.25,0.126,1,5,39,0,-59,0,-0.0411899313501149,-20,-1400,46,6,42
"599","Illinois","Nebraska",20,0,-0.2,-64,42.4,1.06,22,0.2,0.106,0,43,70,-0.9,53,0,0.00249999999999995,-3,-170,44,6,-13
"600","Nebraska","Illinois",-20,0,0.2,64,-42.4,-1.06,-22,-0.2,-0.106,0,-43,-70,0.9,-53,0,-0.00249999999999995,3,145,44,6,13
"601","Purdue","Iowa",39,0,1.4,43.2,158.2,2.08,38,-0.2,0.156,3,128,184,3.3,-10,-1,0.254807692307692,2,110,41,6,-6
"602","Iowa","Purdue",-39,0,-1.4,-43.2,-158.2,-2.08,-38,0.2,-0.156,-3,-128,-184,-3.3,10,1,-0.254807692307692,-2,-130,41,6,6
"603","UAB","South Florida",11,0,0.5,-66.25,-17.75,-0.524999999999999,-10.25,-0.5,0.18,0,73,-1,-2.6,0,-2,0.013071895424837,4,145,67,6,21
"604","South Florida","UAB",-11,0,-0.5,66.25,17.75,0.524999999999999,10.25,0.5,-0.18,0,-73,1,2.6,0,2,-0.013071895424837,-4,-170,67,6,-21
"605","Florida Atlantic","Tulsa",-5,0,-1.334,-119.333,-91.667,-4.5,33.666,-0.334,-0.054,-3,-192,-180,-9.2,39,1,-0.252100840336135,-4,-150,55,6,3
"606","Tulsa","Florida Atlantic",5,0,1.334,119.333,91.667,4.5,-33.666,0.334,0.054,3,192,180,9.2,-39,-1,0.252100840336135,4,130,55,6,-3
"607","UT San Antonio","Temple",-50,0,0.5,97.75,56.25,0.774999999999999,6.5,0.25,0.112,0,44,6,0.0999999999999996,25,1,0.180686908909906,-13.5,-600,56,6,15
"608","Temple","UT San Antonio",50,0,-0.5,-97.75,-56.25,-0.774999999999999,-6.5,-0.25,-0.112,0,-44,-6,-0.0999999999999996,-25,-1,-0.180686908909906,13.5,425,56,6,-15
"609","North Texas","Navy",-2,0,0,-42.667,136.667,0.8,21.334,1.333,0.131,0,9,232,-0.399999999999999,45,0,0.145454545454545,6.5,200,61.5,6,-3
"610","Navy","North Texas",2,0,0,42.667,-136.667,-0.8,-21.334,-1.333,-0.131,0,-9,-232,0.399999999999999,-45,0,-0.145454545454545,-6.5,-240,61.5,6,3
"611","Louisiana Tech","Western Kentucky",32,0,-0.05,16.75,-14.25,1.575,31,-0.75,0.045,-1,-5,-150,1.9,55,-1,-0.126923076923077,5,185,58.5,6,-7
"612","Western Kentucky","Louisiana Tech",-32,0,0.05,-16.75,14.25,-1.575,-31,0.75,-0.045,1,5,150,-1.9,-55,1,0.126923076923077,-5,-225,58.5,6,7
"613","New Mexico State","Florida International",-5,0,0,92.2,123,4.46,-3,-0.4,0.135,-1,116,124,4.2,-3,-1,0.141666666666667,-6,-235,50,6,17
"614","Florida International","New Mexico State",5,0,0,-92.2,-123,-4.46,3,0.4,-0.135,1,-116,-124,-4.2,3,1,-0.141666666666667,6,195,50,6,-17
"615","Jacksonville State","Middle Tennessee",-118,0,1.933,110.067,-0.0669999999999504,-0.42,-1,-0.667,-0.105,1,75,20,0.4,3,0,-0.115151515151515,4,140,51,6,15
"616","Middle Tennessee","Jacksonville State",118,0,-1.933,-110.067,0.0669999999999504,0.42,1,0.667,0.105,-1,-75,-20,-0.4,-3,0,0.115151515151515,-4,-165,51,6,-15
"617","Colorado","Arizona State",-52,0,0.2,9.867,127.667,1.627,41.933,-2.667,0.196,0,125,134,-0.200000000000001,25,-1,0.0387596899224809,-4,-175,59,6,3
"618","Arizona State","Colorado",52,0,-0.2,-9.867,-127.667,-1.627,-41.933,2.667,-0.196,0,-125,-134,0.200000000000001,-25,1,-0.0387596899224809,4,150,59,6,-3
"619","USC","Arizona",-44,0,1.667,-2.5,107.5,2.908,18.75,-1.417,0.0620000000000001,1,-15,156,4.2,-7,0,0.057692307692308,-22,-1900,71,6,2
"620","Arizona","USC",44,0,-1.667,2.5,-107.5,-2.908,-18.75,1.417,-0.0620000000000001,-1,15,-156,-4.2,7,0,-0.057692307692308,22,900,71,6,-2
"621","Oregon State","California",-49,0,0,-12,-9.5,2.25,20.25,-1,0.0209999999999999,0,-65,32,4.2,49,1,0.163129973474801,-9.5,-350,51,6,12
"622","California","Oregon State",49,0,0,12,9.5,-2.25,-20.25,1,-0.0209999999999999,0,65,-32,-4.2,-49,-1,-0.163129973474801,9.5,275,51,6,-12
"623","Washington State","UCLA",1,0,1,-44.667,69,0.9,-16,-1,0.2,1,97,285,5.4,24,0,0.4,4,130,60,6,-8
"624","UCLA","Washington State",-1,0,-1,44.667,-69,-0.9,16,1,-0.2,-1,-97,-285,-5.4,-24,0,-0.4,-4,-150,60,6,8
"625","Southern Mississippi","Old Dominion",31,0,0.0669999999999999,-51.733,31,0.74,1,-1.467,0.0650000000000001,-1,-104,76,1.9,-52,-1,-0.021739130434782,-1.5,-125,57.5,6,-4
"626","Old Dominion","Southern Mississippi",-31,0,-0.0669999999999999,51.733,-31,-0.74,-1,1.467,-0.0650000000000001,1,104,-76,-1.9,52,1,0.021739130434782,1.5,105,57.5,6,4
"627","Louisiana Monroe","South Alabama",47,0,-0.5,55,-17.417,-1.667,-0.75,-0.417,-0.144,1,176,145,3.9,7,0,0.106666666666667,12,315,51.5,6,-48
"628","South Alabama","Louisiana Monroe",-47,0,0.5,-55,17.417,1.667,0.75,0.417,0.144,-1,-176,-145,-3.9,-7,0,-0.106666666666667,-12,-420,51.5,6,48
"629","Texas State","Louisiana",-11,0,-1.25,-130,-72.25,1.425,10.75,-1,0.005,0,-91,-2,5.5,55,0,0.0330459770114949,2.5,115,67,6,-4
"630","Louisiana","Texas State",11,0,1.25,130,72.25,-1.425,-10.75,1,-0.005,0,91,2,-5.5,-55,0,-0.0330459770114949,-2.5,-135,67,6,4
"631","Troy","Arkansas State",-48,0,0.25,-23.25,29.5,-1.225,-25.5,0.25,0.044,1,-19,-146,-6.8,-69,1,-0.033333333333333,-16,-800,52,6,34
"632","Arkansas State","Troy",48,0,-0.25,23.25,-29.5,1.225,25.5,-0.25,-0.044,-1,19,146,6.8,69,-1,0.033333333333333,16,525,52,6,-34
"633","Rice","Connecticut",-20,-0.804681194511687,0.133,-102.333,89.4,3.06,-17.4,-0.4,0.083,-1,-181,-196,-0.9,-29,0,-0.159926470588235,-10,-380,49.5,6,-7
"634","Connecticut","Rice",20,0.804681194511687,-0.133,102.333,-89.4,-3.06,17.4,0.4,-0.083,1,181,196,0.9,29,0,0.159926470588235,10,290,49.5,6,7
"635","Sam Houston State","Liberty",-47,0,-1.25,-205.75,-281.5,-4.175,-6,0.25,0.0339999999999999,-1,-228,-85,0.3,36,-2,0.065934065934066,18.5,625,47,6,-5
"636","Liberty","Sam Houston State",47,0,1.25,205.75,281.5,4.175,6,-0.25,-0.0339999999999999,1,228,85,-0.3,-36,2,-0.065934065934066,-18.5,-1000,47,6,5
